,category_name,category_link,id,parent_link,year,2013,2014,2015,2016,2017
0,1: Programs,/type/1%3A+programs,0,,"[2013.0, 2014.0, 2015.0, 2016.0, 2017.0]",1.0,1.0,1.0,1.0,1.0
1,2: Anime,/type/2%3A+anime,1,,"[2013.0, 2014.0, 2015.0, 2016.0, 2017.0]",1.0,1.0,1.0,1.0,1.0
2,3: Autographs,/type/3%3A+autographs,2,,"[2013.0, 2014.0, 2015.0, 2016.0, 2017.0]",1.0,1.0,1.0,1.0,1.0
3,4: CCI-IFF,/type/4%3A+cci-iff,3,,"[2013.0, 2014.0, 2015.0, 2016.0, 2017.0]",1.0,1.0,1.0,1.0,1.0
4,5: Children's Films,/type/5%3A+children%27s+films,4,,"[2013.0, 2014.0, 2015.0, 2016.0, 2017.0]",1.0,1.0,1.0,1.0,1.0
5,6: Games,/type/6%3A+games,5,,"[2013.0, 2014.0, 2015.0, 2016.0, 2017.0]",1.0,1.0,1.0,1.0,1.0
6,7: Portfolio Review,/type/7%3A+portfolio+review,6,,"[2013.0, 2014.0, 2015.0, 2016.0, 2017.0]",1.0,1.0,1.0,1.0,1.0
7,Academy of Art University,/type/7%3A+portfolio+review/academy+of+art+university,7,/type/7%3A+portfolio+review/,"[2013.0, 2014.0, 2015.0]",1.0,1.0,1.0,0.0,0.0
8,Action Figures - Toys - Collectibles,/type/1%3A+programs/action+figures+-+toys+-+collectibles,8,/type/1%3A+programs/,"[2013.0, 2014.0, 2015.0, 2016.0, 2017.0]",1.0,1.0,1.0,1.0,1.0
9,Action-Adventure,/type/1%3A+programs/action-adventure,9,/type/1%3A+programs/,"[2013.0, 2014.0, 2015.0]",1.0,1.0,1.0,0.0,0.0
10,Action-Adventure,/type/4%3A+cci-iff/action-adventure,10,/type/4%3A+cci-iff/,"[2013.0, 2014.0, 2015.0]",1.0,1.0,1.0,0.0,0.0
11,Alien Labyrinth,/type/6%3A+games/alien+labyrinth,11,/type/6%3A+games/,"[2013.0, 2015.0]",1.0,0.0,1.0,0.0,0.0
12,Animation,/type/5%3A+children%27s+films/animation,12,/type/5%3A+children%27s+films/,"[2013.0, 2014.0, 2015.0, 2016.0, 2017.0]",1.0,1.0,1.0,1.0,1.0
13,Animation,/type/1%3A+programs/animation,13,/type/1%3A+programs/,"[2013.0, 2014.0, 2015.0, 2016.0, 2017.0]",1.0,1.0,1.0,1.0,1.0
14,Animation,/type/4%3A+cci-iff/animation,14,/type/4%3A+cci-iff/,"[2013.0, 2014.0, 2015.0, 2016.0, 2017.0]",1.0,1.0,1.0,1.0,1.0
15,Anime & Manga,/type/1%3A+programs/anime+%26+manga,15,/type/1%3A+programs/,"[2013.0, 2014.0, 2015.0, 2016.0, 2017.0]",1.0,1.0,1.0,1.0,1.0
16,Anniversaries,/type/1%3A+programs/anniversaries,16,/type/1%3A+programs/,"[2013.0, 2014.0, 2015.0, 2016.0, 2017.0]",1.0,1.0,1.0,1.0,1.0
17,Arch Enemy Entertainment,/type/7%3A+portfolio+review/arch+enemy+entertainment,17,/type/7%3A+portfolio+review/,"[2013.0, 2014.0, 2015.0, 2016.0]",1.0,1.0,1.0,1.0,0.0
18,Art and Illustration,/type/1%3A+programs/art+and+illustration,18,/type/1%3A+programs/,"[2013.0, 2014.0, 2015.0, 2016.0, 2017.0]",1.0,1.0,1.0,1.0,1.0
19,Atlas Games,/type/6%3A+games/atlas+games,19,/type/6%3A+games/,"[2013.0, 2016.0]",1.0,0.0,0.0,1.0,0.0
20,Awards Ceremonies,/type/1%3A+programs/awards+ceremonies,20,/type/1%3A+programs/,"[2013.0, 2015.0, 2016.0, 2017.0]",1.0,0.0,1.0,1.0,1.0
21,Awards Ceremonies,/type/4%3A+cci-iff/awards+ceremonies,21,/type/4%3A+cci-iff/,"[2013.0, 2014.0, 2015.0, 2016.0, 2017.0]",1.0,1.0,1.0,1.0,1.0
22,CBLDF Events,/type/1%3A+programs/cbldf+events,22,/type/1%3A+programs/,"[2013.0, 2014.0, 2015.0, 2016.0, 2017.0]",1.0,1.0,1.0,1.0,1.0
23,CCI-IFF and Film School,/type/4%3A+cci-iff/cci-iff+and+film+school,23,/type/4%3A+cci-iff/,"[2013.0, 2014.0, 2015.0, 2016.0, 2017.0]",1.0,1.0,1.0,1.0,1.0
24,CCI-IFF and Film School,/type/1%3A+programs/cci-iff+and+film+school,24,/type/1%3A+programs/,"[2013.0, 2014.0, 2015.0, 2016.0, 2017.0]",1.0,1.0,1.0,1.0,1.0
25,Call of Duty,/type/6%3A+games/call+of+duty,25,/type/6%3A+games/,2013.0,1.0,0.0,0.0,0.0,0.0
26,Capstone,/type/7%3A+portfolio+review/capstone,26,/type/7%3A+portfolio+review/,"[2013.0, 2014.0]",1.0,1.0,0.0,0.0,0.0
27,Cartoon Network Studios,/type/7%3A+portfolio+review/cartoon+network+studios,27,/type/7%3A+portfolio+review/,"[2013.0, 2014.0, 2015.0, 2016.0]",1.0,1.0,1.0,1.0,0.0
28,Cartooning and Comic Strips,/type/1%3A+programs/cartooning+and+comic+strips,28,/type/1%3A+programs/,"[2013.0, 2014.0, 2015.0, 2016.0, 2017.0]",1.0,1.0,1.0,1.0,1.0
29,Comic-Con How To,/type/1%3A+programs/comic-con+how+to,29,/type/1%3A+programs/,"[2013.0, 2014.0, 2015.0, 2016.0, 2017.0]",1.0,1.0,1.0,1.0,1.0
30,Comic-Con Special Guest Spotlights & Appearances,/type/1%3A+programs/comic-con+special+guest+spotlights+%26+appearances,30,/type/1%3A+programs/,"[2013.0, 2014.0, 2015.0, 2016.0, 2017.0]",1.0,1.0,1.0,1.0,1.0
31,Comics,/type/4%3A+cci-iff/comics,31,/type/4%3A+cci-iff/,"[2013.0, 2014.0, 2015.0, 2016.0, 2017.0]",1.0,1.0,1.0,1.0,1.0
32,Comics,/type/1%3A+programs/comics,32,/type/1%3A+programs/,"[2013.0, 2014.0, 2015.0, 2016.0, 2017.0]",1.0,1.0,1.0,1.0,1.0
33,Comics Arts Conference,/type/1%3A+programs/comics+arts+conference,33,/type/1%3A+programs/,"[2013.0, 2014.0, 2015.0, 2016.0, 2017.0]",1.0,1.0,1.0,1.0,1.0
34,Comics Law School,/type/1%3A+programs/comics+law+school,34,/type/1%3A+programs/,"[2013.0, 2014.0, 2015.0, 2016.0, 2017.0]",1.0,1.0,1.0,1.0,1.0
35,Committed Comics,/type/7%3A+portfolio+review/committed+comics,35,/type/7%3A+portfolio+review/,"[2013.0, 2014.0, 2015.0, 2016.0, 2017.0]",1.0,1.0,1.0,1.0,1.0
36,Costuming,/type/1%3A+programs/costuming,36,/type/1%3A+programs/,"[2013.0, 2014.0, 2015.0, 2016.0, 2017.0]",1.0,1.0,1.0,1.0,1.0
37,Costuming,/type/4%3A+cci-iff/costuming,37,/type/4%3A+cci-iff/,"[2013.0, 2014.0]",1.0,1.0,0.0,0.0,0.0
38,D&D,/type/6%3A+games/d%26d,38,/type/6%3A+games/,"[2013.0, 2014.0, 2015.0, 2017.0]",1.0,1.0,1.0,0.0,1.0
39,Documentary,/type/4%3A+cci-iff/documentary,39,/type/4%3A+cci-iff/,"[2013.0, 2014.0, 2015.0, 2016.0, 2017.0]",1.0,1.0,1.0,1.0,1.0
40,Douglas Neff,/type/7%3A+portfolio+review/douglas+neff,40,/type/7%3A+portfolio+review/,2013.0,1.0,0.0,0.0,0.0,0.0
41,FANBOY,/type/6%3A+games/fanboy,41,/type/6%3A+games/,"[2013.0, 2014.0, 2015.0, 2016.0]",1.0,1.0,1.0,1.0,0.0
42,FIFA,/type/6%3A+games/fifa,42,/type/6%3A+games/,2013.0,1.0,0.0,0.0,0.0,0.0
43,Fandom,/type/1%3A+programs/fandom,43,/type/1%3A+programs/,"[2013.0, 2014.0, 2015.0, 2016.0, 2017.0]",1.0,1.0,1.0,1.0,1.0
44,Fluxx,/type/6%3A+games/fluxx,44,/type/6%3A+games/,"[2013.0, 2015.0, 2016.0]",1.0,0.0,1.0,1.0,0.0
45,Games,/type/1%3A+programs/games,45,/type/1%3A+programs/,"[2013.0, 2014.0, 2015.0, 2016.0, 2017.0]",1.0,1.0,1.0,1.0,1.0
46,Games,/type/6%3A+games/games,46,/type/6%3A+games/,2013.0,1.0,0.0,0.0,0.0,0.0
47,Gears of War,/type/6%3A+games/gears+of+war,47,/type/6%3A+games/,2013.0,1.0,0.0,0.0,0.0,0.0
48,Gloom,/type/6%3A+games/gloom,48,/type/6%3A+games/,"[2013.0, 2015.0]",1.0,0.0,1.0,0.0,0.0
49,Group Signing,/type/3%3A+autographs/group+signing,49,/type/3%3A+autographs/,"[2013.0, 2014.0, 2015.0, 2016.0, 2017.0]",1.0,1.0,1.0,1.0,1.0
50,Halo,/type/6%3A+games/halo,50,/type/6%3A+games/,2013.0,1.0,0.0,0.0,0.0,0.0
51,Hasbro Inc.,/type/7%3A+portfolio+review/hasbro+inc.,51,/type/7%3A+portfolio+review/,2013.0,1.0,0.0,0.0,0.0,0.0
52,Hilton Programs,/type/1%3A+programs/hilton+programs,52,/type/1%3A+programs/,"[2013.0, 2014.0, 2015.0, 2016.0, 2017.0]",1.0,1.0,1.0,1.0,1.0
53,Horror and Suspense,/type/4%3A+cci-iff/horror+and+suspense,53,/type/4%3A+cci-iff/,"[2013.0, 2014.0, 2016.0, 2017.0]",1.0,1.0,0.0,1.0,1.0
54,Horror and Suspense,/type/1%3A+programs/horror+and+suspense,54,/type/1%3A+programs/,"[2013.0, 2014.0, 2015.0, 2016.0, 2017.0]",1.0,1.0,1.0,1.0,1.0
55,Humor & Satire,/type/4%3A+cci-iff/humor+%26+satire,55,/type/4%3A+cci-iff/,"[2013.0, 2014.0, 2015.0, 2016.0, 2017.0]",1.0,1.0,1.0,1.0,1.0
56,Humor & Satire,/type/1%3A+programs/humor+%26+satire,56,/type/1%3A+programs/,"[2013.0, 2014.0, 2015.0, 2016.0, 2017.0]",1.0,1.0,1.0,1.0,1.0
57,Inc.,/type/7%3A+portfolio+review/inc.,57,/type/7%3A+portfolio+review/,"[2013.0, 2014.0, 2015.0]",1.0,1.0,1.0,0.0,0.0
58,Individual Signing,/type/3%3A+autographs/individual+signing,58,/type/3%3A+autographs/,"[2013.0, 2014.0, 2015.0, 2016.0, 2017.0]",1.0,1.0,1.0,1.0,1.0
59,Injustice,/type/6%3A+games/injustice,59,/type/6%3A+games/,2013.0,1.0,0.0,0.0,0.0,0.0
60,Kaiser Studio,/type/6%3A+games/kaiser+studio,60,/type/6%3A+games/,2013.0,1.0,0.0,0.0,0.0,0.0
61,Kids,/type/1%3A+programs/kids,61,/type/1%3A+programs/,"[2013.0, 2014.0, 2015.0, 2016.0, 2017.0]",1.0,1.0,1.0,1.0,1.0
62,Kids,/type/5%3A+children%27s+films/kids,62,/type/5%3A+children%27s+films/,"[2013.0, 2014.0, 2015.0, 2016.0, 2017.0]",1.0,1.0,1.0,1.0,1.0
63,LEGO Systems,/type/7%3A+portfolio+review/lego+systems,63,/type/7%3A+portfolio+review/,"[2013.0, 2014.0]",1.0,1.0,0.0,0.0,0.0
64,Late Night,/type/2%3A+anime/late+night,64,/type/2%3A+anime/,"[2013.0, 2014.0, 2015.0, 2016.0, 2017.0]",1.0,1.0,1.0,1.0,1.0
65,Limited Signing,/type/3%3A+autographs/limited+signing,65,/type/3%3A+autographs/,"[2013.0, 2014.0, 2015.0, 2016.0, 2017.0]",1.0,1.0,1.0,1.0,1.0
66,LooneyLabs,/type/6%3A+games/looneylabs,66,/type/6%3A+games/,2013.0,1.0,0.0,0.0,0.0,0.0
67,Lucasfilm - Disney Consumer Products,/type/7%3A+portfolio+review/lucasfilm+-+disney+consumer+products,67,/type/7%3A+portfolio+review/,2013.0,1.0,0.0,0.0,0.0,0.0
68,Lyceum Programs,/type/1%3A+programs/lyceum+programs,68,/type/1%3A+programs/,2013.0,1.0,0.0,0.0,0.0,0.0
69,Madden,/type/6%3A+games/madden,69,/type/6%3A+games/,2013.0,1.0,0.0,0.0,0.0,0.0
70,Magic: The Gathering,/type/6%3A+games/magic%3A+the+gathering,70,/type/6%3A+games/,"[2013.0, 2014.0, 2015.0, 2016.0, 2017.0]",1.0,1.0,1.0,1.0,1.0
71,Marriott Programs,/type/1%3A+programs/marriott+programs,71,/type/1%3A+programs/,"[2013.0, 2014.0, 2015.0, 2016.0, 2017.0]",1.0,1.0,1.0,1.0,1.0
72,Marriott Programs,/type/4%3A+cci-iff/marriott+programs,72,/type/4%3A+cci-iff/,"[2013.0, 2014.0, 2016.0, 2017.0]",1.0,1.0,0.0,1.0,1.0
73,Mayfair Games,/type/6%3A+games/mayfair+games,73,/type/6%3A+games/,"[2013.0, 2015.0, 2016.0]",1.0,0.0,1.0,1.0,0.0
74,Movies,/type/1%3A+programs/movies,74,/type/1%3A+programs/,"[2013.0, 2014.0, 2015.0, 2016.0, 2017.0]",1.0,1.0,1.0,1.0,1.0
75,Movies,/type/4%3A+cci-iff/movies,75,/type/4%3A+cci-iff/,"[2013.0, 2014.0, 2015.0, 2016.0, 2017.0]",1.0,1.0,1.0,1.0,1.0
76,Movies,/type/5%3A+children%27s+films/movies,76,/type/5%3A+children%27s+films/,"[2013.0, 2014.0, 2015.0, 2016.0, 2017.0]",1.0,1.0,1.0,1.0,1.0
77,Music,/type/1%3A+programs/music,77,/type/1%3A+programs/,"[2013.0, 2014.0, 2015.0, 2016.0, 2017.0]",1.0,1.0,1.0,1.0,1.0
78,Mysteries & Crime Dramas,/type/1%3A+programs/mysteries+%26+crime+dramas,78,/type/1%3A+programs/,"[2013.0, 2014.0, 2015.0, 2017.0]",1.0,1.0,1.0,0.0,1.0
79,NBA,/type/6%3A+games/nba,79,/type/6%3A+games/,2013.0,1.0,0.0,0.0,0.0,0.0
80,Nickelodeon Animation Studio,/type/7%3A+portfolio+review/nickelodeon+animation+studio,80,/type/7%3A+portfolio+review/,2013.0,1.0,0.0,0.0,0.0,0.0
81,Nickelodeon Artist & Writing Programs,/type/7%3A+portfolio+review/nickelodeon+artist+%26+writing+programs,81,/type/7%3A+portfolio+review/,2013.0,1.0,0.0,0.0,0.0,0.0
82,Pathfinder,/type/6%3A+games/pathfinder,82,/type/6%3A+games/,"[2013.0, 2014.0, 2015.0, 2016.0, 2017.0]",1.0,1.0,1.0,1.0,1.0
83,Pokemon,/type/6%3A+games/pokemon,83,/type/6%3A+games/,"[2013.0, 2014.0, 2015.0]",1.0,1.0,1.0,0.0,0.0
84,Preview Night,/type/6%3A+games/preview+night,84,/type/6%3A+games/,2013.0,1.0,0.0,0.0,0.0,0.0
85,Preview Night,/type/2%3A+anime/preview+night,85,/type/2%3A+anime/,"[2013.0, 2014.0]",1.0,1.0,0.0,0.0,0.0
86,Retailer Programming,/type/1%3A+programs/retailer+programming,86,/type/1%3A+programs/,"[2013.0, 2014.0, 2015.0, 2016.0, 2017.0]",1.0,1.0,1.0,1.0,1.0
87,Revolution Comics,/type/7%3A+portfolio+review/revolution+comics,87,/type/7%3A+portfolio+review/,"[2013.0, 2014.0, 2015.0, 2016.0]",1.0,1.0,1.0,1.0,0.0
88,SD Tekken,/type/6%3A+games/sd+tekken,88,/type/6%3A+games/,"[2013.0, 2014.0]",1.0,1.0,0.0,0.0,0.0
89,SJG-MIB,/type/6%3A+games/sjg-mib,89,/type/6%3A+games/,2013.0,1.0,0.0,0.0,0.0,0.0
90,Science Fiction & Fantasy,/type/4%3A+cci-iff/science+fiction+%26+fantasy,90,/type/4%3A+cci-iff/,"[2013.0, 2014.0, 2015.0, 2016.0, 2017.0]",1.0,1.0,1.0,1.0,1.0
91,Science Fiction & Fantasy,/type/1%3A+programs/science+fiction+%26+fantasy,91,/type/1%3A+programs/,"[2013.0, 2014.0, 2015.0, 2016.0, 2017.0]",1.0,1.0,1.0,1.0,1.0
92,Seminars & Workshops,/type/4%3A+cci-iff/seminars+%26+workshops,92,/type/4%3A+cci-iff/,"[2013.0, 2014.0, 2016.0]",1.0,1.0,0.0,1.0,0.0
93,Seminars & Workshops,/type/1%3A+programs/seminars+%26+workshops,93,/type/1%3A+programs/,"[2013.0, 2014.0, 2015.0, 2016.0, 2017.0]",1.0,1.0,1.0,1.0,1.0
94,Smorgasbord Productions,/type/7%3A+portfolio+review/smorgasbord+productions,94,/type/7%3A+portfolio+review/,"[2013.0, 2014.0, 2015.0, 2016.0, 2017.0]",1.0,1.0,1.0,1.0,1.0
95,SoCal Malifaux,/type/6%3A+games/socal+malifaux,95,/type/6%3A+games/,2013.0,1.0,0.0,0.0,0.0,0.0
96,Space Goat Productions,/type/7%3A+portfolio+review/space+goat+productions,96,/type/7%3A+portfolio+review/,"[2013.0, 2014.0, 2016.0, 2017.0]",1.0,1.0,0.0,1.0,1.0
97,Street Fighter,/type/6%3A+games/street+fighter,97,/type/6%3A+games/,2013.0,1.0,0.0,0.0,0.0,0.0
98,Superheroes,/type/1%3A+programs/superheroes,98,/type/1%3A+programs/,"[2013.0, 2014.0, 2015.0, 2016.0, 2017.0]",1.0,1.0,1.0,1.0,1.0
99,Superheroes,/type/4%3A+cci-iff/superheroes,99,/type/4%3A+cci-iff/,2013.0,1.0,0.0,0.0,0.0,0.0
100,Talkback,/type/1%3A+programs/talkback,100,/type/1%3A+programs/,"[2013.0, 2014.0, 2015.0, 2016.0, 2017.0]",1.0,1.0,1.0,1.0,1.0
101,Tekken,/type/6%3A+games/tekken,101,/type/6%3A+games/,"[2013.0, 2015.0, 2016.0, 2017.0]",1.0,0.0,1.0,1.0,1.0
102,Television,/type/1%3A+programs/television,102,/type/1%3A+programs/,"[2013.0, 2014.0, 2015.0, 2016.0, 2017.0]",1.0,1.0,1.0,1.0,1.0
103,Ticketed Events,/type/1%3A+programs/ticketed+events,103,/type/1%3A+programs/,"[2013.0, 2014.0, 2015.0, 2017.0]",1.0,1.0,1.0,0.0,1.0
104,Titan Comics,/type/7%3A+portfolio+review/titan+comics,104,/type/7%3A+portfolio+review/,"[2013.0, 2014.0]",1.0,1.0,0.0,0.0,0.0
105,Tributes,/type/1%3A+programs/tributes,105,/type/1%3A+programs/,"[2013.0, 2014.0, 2015.0, 2016.0, 2017.0]",1.0,1.0,1.0,1.0,1.0
106,Ultimate Marvel vs Capcom,/type/6%3A+games/ultimate+marvel+vs+capcom,106,/type/6%3A+games/,2013.0,1.0,0.0,0.0,0.0,0.0
107,Walt Disney Animation Studios,/type/7%3A+portfolio+review/walt+disney+animation+studios,107,/type/7%3A+portfolio+review/,"[2013.0, 2014.0, 2015.0, 2016.0]",1.0,1.0,1.0,1.0,0.0
108,Web,/type/1%3A+programs/web,108,/type/1%3A+programs/,"[2013.0, 2014.0, 2015.0, 2016.0, 2017.0]",1.0,1.0,1.0,1.0,1.0
109,Whatnot?! Entertainment,/type/7%3A+portfolio+review/whatnot%3F%21+entertainment,109,/type/7%3A+portfolio+review/,2013.0,1.0,0.0,0.0,0.0,0.0
110,Wizards of the Coast,/type/7%3A+portfolio+review/wizards+of+the+coast,110,/type/7%3A+portfolio+review/,"[2013.0, 2016.0]",1.0,0.0,0.0,1.0,0.0
111,Writers & Writing,/type/4%3A+cci-iff/writers+%26+writing,111,/type/4%3A+cci-iff/,"[2013.0, 2016.0]",1.0,0.0,0.0,1.0,0.0
112,Writers & Writing,/type/1%3A+programs/writers+%26+writing,112,/type/1%3A+programs/,"[2013.0, 2014.0, 2015.0, 2016.0, 2017.0]",1.0,1.0,1.0,1.0,1.0
113,Yu-Gi-Oh!,/type/6%3A+games/yu-gi-oh%21,113,/type/6%3A+games/,"[2013.0, 2014.0, 2015.0, 2016.0]",1.0,1.0,1.0,1.0,0.0
114,host From Fan to Creator: Goal-Setting for Creative Types and The Comic Creator Connection,/type/7%3A+portfolio+review/host+from+fan+to+creator%3A+goal-setting+for+creative+types+and+the+comic+creator+connection,114,/type/7%3A+portfolio+review/,2013.0,1.0,0.0,0.0,0.0,0.0
115,8: Retailers,/type/8%3A+retailers,115,,"[2014.0, 2015.0, 2016.0, 2017.0]",0.0,1.0,1.0,1.0,1.0
116,Awards Ceremonies,/type/8%3A+retailers/awards+ceremonies,116,/type/8%3A+retailers/,"[2014.0, 2015.0, 2016.0, 2017.0]",0.0,1.0,1.0,1.0,1.0
117,Battletech,/type/6%3A+games/battletech,117,/type/6%3A+games/,2014.0,0.0,1.0,0.0,0.0,0.0
118,CCGs-TCGs,/type/6%3A+games/ccgs-tcgs,118,/type/6%3A+games/,"[2014.0, 2015.0, 2017.0]",0.0,1.0,1.0,0.0,1.0
119,Call of Duty: Ghosts,/type/6%3A+games/call+of+duty%3A+ghosts,119,/type/6%3A+games/,2014.0,0.0,1.0,0.0,0.0,0.0
120,Cardhaus Games,/type/6%3A+games/cardhaus+games,120,/type/6%3A+games/,2014.0,0.0,1.0,0.0,0.0,0.0
121,Cloud Imperium Games,/type/7%3A+portfolio+review/cloud+imperium+games,121,/type/7%3A+portfolio+review/,2014.0,0.0,1.0,0.0,0.0,0.0
122,Comic-Con How To,/type/8%3A+retailers/comic-con+how+to,122,/type/8%3A+retailers/,2014.0,0.0,1.0,0.0,0.0,0.0
123,Comics,/type/8%3A+retailers/comics,123,/type/8%3A+retailers/,"[2014.0, 2015.0, 2016.0, 2017.0]",0.0,1.0,1.0,1.0,1.0
124,Console,/type/6%3A+games/console,124,/type/6%3A+games/,"[2014.0, 2015.0, 2017.0]",0.0,1.0,1.0,0.0,1.0
125,CounterClock Work Games,/type/6%3A+games/counterclock+work+games,125,/type/6%3A+games/,2014.0,0.0,1.0,0.0,0.0,0.0
126,Cryptozoic Entertainment,/type/6%3A+games/cryptozoic+entertainment,126,/type/6%3A+games/,"[2014.0, 2016.0]",0.0,1.0,0.0,1.0,0.0
127,Dreadfleet,/type/6%3A+games/dreadfleet,127,/type/6%3A+games/,2014.0,0.0,1.0,0.0,0.0,0.0
128,Education,/type/1%3A+programs/education,128,/type/1%3A+programs/,"[2014.0, 2015.0, 2016.0, 2017.0]",0.0,1.0,1.0,1.0,1.0
129,Electronic,/type/6%3A+games/electronic,129,/type/6%3A+games/,"[2014.0, 2015.0, 2017.0]",0.0,1.0,1.0,0.0,1.0
130,Enterplay,/type/6%3A+games/enterplay,130,/type/6%3A+games/,"[2014.0, 2015.0]",0.0,1.0,1.0,0.0,0.0
131,FIFA 14,/type/6%3A+games/fifa+14,131,/type/6%3A+games/,2014.0,0.0,1.0,0.0,0.0,0.0
132,Fandom,/type/8%3A+retailers/fandom,132,/type/8%3A+retailers/,2014.0,0.0,1.0,0.0,0.0,0.0
133,Firefly,/type/6%3A+games/firefly,133,/type/6%3A+games/,2014.0,0.0,1.0,0.0,0.0,0.0
134,Flames of War,/type/6%3A+games/flames+of+war,134,/type/6%3A+games/,2014.0,0.0,1.0,0.0,0.0,0.0
135,For Retailers Only,/type/8%3A+retailers/for+retailers+only,135,/type/8%3A+retailers/,"[2014.0, 2015.0, 2016.0, 2017.0]",0.0,1.0,1.0,1.0,1.0
136,Gears of War 3,/type/6%3A+games/gears+of+war+3,136,/type/6%3A+games/,"[2014.0, 2015.0, 2016.0]",0.0,1.0,1.0,1.0,0.0
137,Halo 4,/type/6%3A+games/halo+4,137,/type/6%3A+games/,2014.0,0.0,1.0,0.0,0.0,0.0
138,Hasbro,/type/7%3A+portfolio+review/hasbro,138,/type/7%3A+portfolio+review/,"[2014.0, 2015.0, 2016.0]",0.0,1.0,1.0,1.0,0.0
139,Hell Dorado,/type/6%3A+games/hell+dorado,139,/type/6%3A+games/,2014.0,0.0,1.0,0.0,0.0,0.0
140,Hemes Press,/type/7%3A+portfolio+review/hemes+press,140,/type/7%3A+portfolio+review/,2014.0,0.0,1.0,0.0,0.0,0.0
141,HeroClix,/type/6%3A+games/heroclix,141,/type/6%3A+games/,"[2014.0, 2016.0]",0.0,1.0,0.0,1.0,0.0
142,Horton Grand Theatre Programs,/type/1%3A+programs/horton+grand+theatre+programs,142,/type/1%3A+programs/,"[2014.0, 2015.0, 2016.0, 2017.0]",0.0,1.0,1.0,1.0,1.0
143,Humanoids,/type/7%3A+portfolio+review/humanoids,143,/type/7%3A+portfolio+review/,2014.0,0.0,1.0,0.0,0.0,0.0
144,Injustice: Gods Among Us,/type/6%3A+games/injustice%3A+gods+among+us,144,/type/6%3A+games/,2014.0,0.0,1.0,0.0,0.0,0.0
145,Jupiter Rescue,/type/6%3A+games/jupiter+rescue,145,/type/6%3A+games/,2014.0,0.0,1.0,0.0,0.0,0.0
146,Killer Instinct,/type/6%3A+games/killer+instinct,146,/type/6%3A+games/,"[2014.0, 2015.0, 2016.0]",0.0,1.0,1.0,1.0,0.0
147,King of Fighters XIII,/type/6%3A+games/king+of+fighters+xiii,147,/type/6%3A+games/,2014.0,0.0,1.0,0.0,0.0,0.0
148,Konami,/type/6%3A+games/konami,148,/type/6%3A+games/,2014.0,0.0,1.0,0.0,0.0,0.0
149,Krosmaster,/type/6%3A+games/krosmaster,149,/type/6%3A+games/,"[2014.0, 2015.0]",0.0,1.0,1.0,0.0,0.0
150,LARPs,/type/6%3A+games/larps,150,/type/6%3A+games/,"[2014.0, 2015.0]",0.0,1.0,1.0,0.0,0.0
151,Little Dead Riding Hood,/type/6%3A+games/little+dead+riding+hood,151,/type/6%3A+games/,2014.0,0.0,1.0,0.0,0.0,0.0
152,Looney Labs,/type/6%3A+games/looney+labs,152,/type/6%3A+games/,"[2014.0, 2015.0, 2016.0]",0.0,1.0,1.0,1.0,0.0
153,Lucasfilm,/type/7%3A+portfolio+review/lucasfilm,153,/type/7%3A+portfolio+review/,"[2014.0, 2017.0]",0.0,1.0,0.0,0.0,1.0
154,Madden NFL 25,/type/6%3A+games/madden+nfl+25,154,/type/6%3A+games/,2014.0,0.0,1.0,0.0,0.0,0.0
155,Margaret Weis Productions,/type/6%3A+games/margaret+weis+productions,155,/type/6%3A+games/,2014.0,0.0,1.0,0.0,0.0,0.0
156,Marriott Programs,/type/6%3A+games/marriott+programs,156,/type/6%3A+games/,2014.0,0.0,1.0,0.0,0.0,0.0
157,Miniatures,/type/6%3A+games/miniatures,157,/type/6%3A+games/,"[2014.0, 2015.0, 2016.0]",0.0,1.0,1.0,1.0,0.0
158,Mortal Kombat 9,/type/6%3A+games/mortal+kombat+9,158,/type/6%3A+games/,2014.0,0.0,1.0,0.0,0.0,0.0
159,Munchkin,/type/6%3A+games/munchkin,159,/type/6%3A+games/,"[2014.0, 2015.0, 2016.0]",0.0,1.0,1.0,1.0,0.0
160,My Little Pony,/type/6%3A+games/my+little+pony,160,/type/6%3A+games/,"[2014.0, 2015.0]",0.0,1.0,1.0,0.0,0.0
161,NBA 2K14,/type/6%3A+games/nba+2k14,161,/type/6%3A+games/,2014.0,0.0,1.0,0.0,0.0,0.0
162,Nickelodeon,/type/7%3A+portfolio+review/nickelodeon,162,/type/7%3A+portfolio+review/,"[2014.0, 2017.0]",0.0,1.0,0.0,0.0,1.0
163,Nickelodeon Artist Program,/type/7%3A+portfolio+review/nickelodeon+artist+program,163,/type/7%3A+portfolio+review/,2014.0,0.0,1.0,0.0,0.0,0.0
164,Ninja Division,/type/6%3A+games/ninja+division,164,/type/6%3A+games/,"[2014.0, 2015.0]",0.0,1.0,1.0,0.0,0.0
165,Omni Playback Room,/type/1%3A+programs/omni+playback+room,165,/type/1%3A+programs/,"[2014.0, 2015.0]",0.0,1.0,1.0,0.0,0.0
166,Paizo Publishing,/type/6%3A+games/paizo+publishing,166,/type/6%3A+games/,2014.0,0.0,1.0,0.0,0.0,0.0
167,Petrol Advertising,/type/7%3A+portfolio+review/petrol+advertising,167,/type/7%3A+portfolio+review/,"[2014.0, 2015.0, 2016.0]",0.0,1.0,1.0,1.0,0.0
168,Play it Painted,/type/6%3A+games/play+it+painted,168,/type/6%3A+games/,"[2014.0, 2015.0]",0.0,1.0,1.0,0.0,0.0
169,Powers,/type/6%3A+games/powers,169,/type/6%3A+games/,2014.0,0.0,1.0,0.0,0.0,0.0
170,Project M,/type/6%3A+games/project+m,170,/type/6%3A+games/,2014.0,0.0,1.0,0.0,0.0,0.0
171,RPGs,/type/6%3A+games/rpgs,171,/type/6%3A+games/,"[2014.0, 2015.0, 2016.0, 2017.0]",0.0,1.0,1.0,1.0,1.0
172,Relic Knights,/type/6%3A+games/relic+knights,172,/type/6%3A+games/,"[2014.0, 2015.0]",0.0,1.0,1.0,0.0,0.0
173,Retailer Programming,/type/8%3A+retailers/retailer+programming,173,/type/8%3A+retailers/,2014.0,0.0,1.0,0.0,0.0,0.0
174,Seminars & Workshops,/type/8%3A+retailers/seminars+%26+workshops,174,/type/8%3A+retailers/,"[2014.0, 2015.0, 2016.0, 2017.0]",0.0,1.0,1.0,1.0,1.0
175,Skullgirls,/type/6%3A+games/skullgirls,175,/type/6%3A+games/,2014.0,0.0,1.0,0.0,0.0,0.0
176,St. Cripsin's Irregulars,/type/6%3A+games/st.+cripsin%27s+irregulars,176,/type/6%3A+games/,2014.0,0.0,1.0,0.0,0.0,0.0
177,Star Wars,/type/6%3A+games/star+wars,177,/type/6%3A+games/,2014.0,0.0,1.0,0.0,0.0,0.0
178,Street Fighter X Tekken,/type/6%3A+games/street+fighter+x+tekken,178,/type/6%3A+games/,2014.0,0.0,1.0,0.0,0.0,0.0
179,Studio Lo Mismo,/type/7%3A+portfolio+review/studio+lo+mismo,179,/type/7%3A+portfolio+review/,"[2014.0, 2015.0, 2017.0]",0.0,1.0,1.0,0.0,1.0
180,Super Dungeon Explore,/type/6%3A+games/super+dungeon+explore,180,/type/6%3A+games/,2014.0,0.0,1.0,0.0,0.0,0.0
181,Super Smash Bros. Melee,/type/6%3A+games/super+smash+bros.+melee,181,/type/6%3A+games/,2014.0,0.0,1.0,0.0,0.0,0.0
182,Tabletop,/type/6%3A+games/tabletop,182,/type/6%3A+games/,"[2014.0, 2015.0, 2016.0, 2017.0]",0.0,1.0,1.0,1.0,1.0
183,Tanto Cuore,/type/6%3A+games/tanto+cuore,183,/type/6%3A+games/,"[2014.0, 2015.0, 2016.0]",0.0,1.0,1.0,1.0,0.0
184,Tekken Tag Tournament 2,/type/6%3A+games/tekken+tag+tournament+2,184,/type/6%3A+games/,2014.0,0.0,1.0,0.0,0.0,0.0
185,The Shadow of WestMinster,/type/6%3A+games/the+shadow+of+westminster,185,/type/6%3A+games/,2014.0,0.0,1.0,0.0,0.0,0.0
186,Twilight Creations,/type/6%3A+games/twilight+creations,186,/type/6%3A+games/,2014.0,0.0,1.0,0.0,0.0,0.0
187,USAopoly,/type/6%3A+games/usaopoly,187,/type/6%3A+games/,2014.0,0.0,1.0,0.0,0.0,0.0
188,Ultimate Marvel vs Capcom 3,/type/6%3A+games/ultimate+marvel+vs+capcom+3,188,/type/6%3A+games/,"[2014.0, 2015.0, 2016.0]",0.0,1.0,1.0,1.0,0.0
189,Ultimate Marvel vs. Capcom 3,/type/6%3A+games/ultimate+marvel+vs.+capcom+3,189,/type/6%3A+games/,"[2014.0, 2015.0]",0.0,1.0,1.0,0.0,0.0
190,Ultra Street Fighter IV,/type/6%3A+games/ultra+street+fighter+iv,190,/type/6%3A+games/,"[2014.0, 2015.0]",0.0,1.0,1.0,0.0,0.0
191,Victory Point Games,/type/6%3A+games/victory+point+games,191,/type/6%3A+games/,2014.0,0.0,1.0,0.0,0.0,0.0
192,Video Games,/type/1%3A+programs/video+games,192,/type/1%3A+programs/,"[2014.0, 2015.0, 2016.0, 2017.0]",0.0,1.0,1.0,1.0,1.0
193,Whatnot Entertainment,/type/7%3A+portfolio+review/whatnot+entertainment,193,/type/7%3A+portfolio+review/,"[2014.0, 2015.0]",0.0,1.0,1.0,0.0,0.0
194,Whilce Portacio,/type/7%3A+portfolio+review/whilce+portacio,194,/type/7%3A+portfolio+review/,2014.0,0.0,1.0,0.0,0.0,0.0
195,Who Stole the Cookie,/type/6%3A+games/who+stole+the+cookie,195,/type/6%3A+games/,2014.0,0.0,1.0,0.0,0.0,0.0
196,Wiggity Bang Games,/type/6%3A+games/wiggity+bang+games,196,/type/6%3A+games/,"[2014.0, 2015.0]",0.0,1.0,1.0,0.0,0.0
197,Wings of Glory,/type/6%3A+games/wings+of+glory,197,/type/6%3A+games/,2014.0,0.0,1.0,0.0,0.0,0.0
198,WizKids Games,/type/6%3A+games/wizkids+games,198,/type/6%3A+games/,2014.0,0.0,1.0,0.0,0.0,0.0
199,X-Wing,/type/6%3A+games/x-wing,199,/type/6%3A+games/,2014.0,0.0,1.0,0.0,0.0,0.0
200,Zenescope Entertainment,/type/7%3A+portfolio+review/zenescope+entertainment,200,/type/7%3A+portfolio+review/,2014.0,0.0,1.0,0.0,0.0,0.0
201,Zombie Dice,/type/6%3A+games/zombie+dice,201,/type/6%3A+games/,2014.0,0.0,1.0,0.0,0.0,0.0
202,Zombies!!!,/type/6%3A+games/zombies%21%21%21,202,/type/6%3A+games/,2014.0,0.0,1.0,0.0,0.0,0.0
203,eigoMANGA,/type/7%3A+portfolio+review/eigomanga,203,/type/7%3A+portfolio+review/,2014.0,0.0,1.0,0.0,0.0,0.0
204,Â Marriott Programs,/type/1%3A+programs/%E2%A0marriott+programs,204,/type/1%3A+programs/,2014.0,0.0,1.0,0.0,0.0,0.0
205,Â Marriott Programs,/type/4%3A+cci-iff/%E2%A0marriott+programs,205,/type/4%3A+cci-iff/,2014.0,0.0,1.0,0.0,0.0,0.0
206,Â Movies,/type/1%3A+programs/%E2%A0movies,206,/type/1%3A+programs/,2014.0,0.0,1.0,0.0,0.0,0.0
207,Â Movies,/type/4%3A+cci-iff/%E2%A0movies,207,/type/4%3A+cci-iff/,2014.0,0.0,1.0,0.0,0.0,0.0
208,Â Seminars & Workshops,/type/1%3A+programs/%E2%A0seminars+%26+workshops,208,/type/1%3A+programs/,2014.0,0.0,1.0,0.0,0.0,0.0
209,Â Seminars & Workshops,/type/4%3A+cci-iff/%E2%A0seminars+%26+workshops,209,/type/4%3A+cci-iff/,2014.0,0.0,1.0,0.0,0.0,0.0
210,Â Writers & Writing,/type/4%3A+cci-iff/%E2%A0writers+%26+writing,210,/type/4%3A+cci-iff/,2014.0,0.0,1.0,0.0,0.0,0.0
211,Â Writers & Writing,/type/1%3A+programs/%E2%A0writers+%26+writing,211,/type/1%3A+programs/,2014.0,0.0,1.0,0.0,0.0,0.0
212,9: Films,/type/9%3A+films,212,,"[2015.0, 2016.0, 2017.0]",0.0,0.0,1.0,1.0,1.0
213,Action Lab Entertainment,/type/7%3A+portfolio+review/action+lab+entertainment,213,/type/7%3A+portfolio+review/,2015.0,0.0,0.0,1.0,0.0,0.0
214,Action-Adventure,/type/9%3A+films/action-adventure,214,/type/9%3A+films/,2015.0,0.0,0.0,1.0,0.0,0.0
215,Andromeda Fight League,/type/6%3A+games/andromeda+fight+league,215,/type/6%3A+games/,2015.0,0.0,0.0,1.0,0.0,0.0
216,Animation,/type/9%3A+films/animation,216,/type/9%3A+films/,2015.0,0.0,0.0,1.0,0.0,0.0
217,Arcadia Quest,/type/6%3A+games/arcadia+quest,217,/type/6%3A+games/,"[2015.0, 2016.0]",0.0,0.0,1.0,1.0,0.0
218,Armored Combat,/type/6%3A+games/armored+combat,218,/type/6%3A+games/,"[2015.0, 2016.0]",0.0,0.0,1.0,1.0,0.0
219,Beyond Powers,/type/6%3A+games/beyond+powers,219,/type/6%3A+games/,2015.0,0.0,0.0,1.0,0.0,0.0
220,Blizzard Entertainment,/type/7%3A+portfolio+review/blizzard+entertainment,220,/type/7%3A+portfolio+review/,2015.0,0.0,0.0,1.0,0.0,0.0
221,Books,/type/1%3A+programs/books,221,/type/1%3A+programs/,"[2015.0, 2016.0, 2017.0]",0.0,0.0,1.0,1.0,1.0
222,Boss Monster,/type/6%3A+games/boss+monster,222,/type/6%3A+games/,2015.0,0.0,0.0,1.0,0.0,0.0
223,Burgle Bros.,/type/6%3A+games/burgle+bros.,223,/type/6%3A+games/,2015.0,0.0,0.0,1.0,0.0,0.0
224,Call Of Duty: AD,/type/6%3A+games/call+of+duty%3A+ad,224,/type/6%3A+games/,"[2015.0, 2016.0]",0.0,0.0,1.0,1.0,0.0
225,Catan,/type/6%3A+games/catan,225,/type/6%3A+games/,"[2015.0, 2016.0]",0.0,0.0,1.0,1.0,0.0
226,Catan Jr,/type/6%3A+games/catan+jr,226,/type/6%3A+games/,"[2015.0, 2016.0]",0.0,0.0,1.0,1.0,0.0
227,Chez Geek,/type/6%3A+games/chez+geek,227,/type/6%3A+games/,2015.0,0.0,0.0,1.0,0.0,0.0
228,Comic Creator Connection,/type/1%3A+programs/comic+creator+connection,228,/type/1%3A+programs/,"[2015.0, 2016.0, 2017.0]",0.0,0.0,1.0,1.0,1.0
229,Comic-Con Vampire,/type/6%3A+games/comic-con+vampire,229,/type/6%3A+games/,2015.0,0.0,0.0,1.0,0.0,0.0
230,Comics,/type/9%3A+films/comics,230,/type/9%3A+films/,2015.0,0.0,0.0,1.0,0.0,0.0
231,Cool Mini or Not,/type/6%3A+games/cool+mini+or+not,231,/type/6%3A+games/,"[2015.0, 2016.0]",0.0,0.0,1.0,1.0,0.0
232,Counter Clockwork Games,/type/6%3A+games/counter+clockwork+games,232,/type/6%3A+games/,2015.0,0.0,0.0,1.0,0.0,0.0
233,Croak,/type/6%3A+games/croak,233,/type/6%3A+games/,"[2015.0, 2016.0]",0.0,0.0,1.0,1.0,0.0
234,Cryptozoic Entertainent,/type/6%3A+games/cryptozoic+entertainent,234,/type/6%3A+games/,2015.0,0.0,0.0,1.0,0.0,0.0
235,DeadFellas,/type/6%3A+games/deadfellas,235,/type/6%3A+games/,2015.0,0.0,0.0,1.0,0.0,0.0
236,Diplomacy,/type/6%3A+games/diplomacy,236,/type/6%3A+games/,"[2015.0, 2016.0]",0.0,0.0,1.0,1.0,0.0
237,Disney Televison Animation,/type/7%3A+portfolio+review/disney+televison+animation,237,/type/7%3A+portfolio+review/,2015.0,0.0,0.0,1.0,0.0,0.0
238,Documentary,/type/1%3A+programs/documentary,238,/type/1%3A+programs/,"[2015.0, 2016.0, 2017.0]",0.0,0.0,1.0,1.0,1.0
239,FIFA 15,/type/6%3A+games/fifa+15,239,/type/6%3A+games/,"[2015.0, 2016.0]",0.0,0.0,1.0,1.0,0.0
240,Fan Culture Programs,/type/1%3A+programs/fan+culture+programs,240,/type/1%3A+programs/,"[2015.0, 2016.0, 2017.0]",0.0,0.0,1.0,1.0,1.0
241,Fandom,/type/9%3A+films/fandom,241,/type/9%3A+films/,2015.0,0.0,0.0,1.0,0.0,0.0
242,Forgotten King,/type/6%3A+games/forgotten+king,242,/type/6%3A+games/,2015.0,0.0,0.0,1.0,0.0,0.0
243,Geek Chic,/type/6%3A+games/geek+chic,243,/type/6%3A+games/,2015.0,0.0,0.0,1.0,0.0,0.0
244,Halo: MCC,/type/6%3A+games/halo%3A+mcc,244,/type/6%3A+games/,2015.0,0.0,0.0,1.0,0.0,0.0
245,Haunted House,/type/6%3A+games/haunted+house,245,/type/6%3A+games/,2015.0,0.0,0.0,1.0,0.0,0.0
246,Hermes Press,/type/7%3A+portfolio+review/hermes+press,246,/type/7%3A+portfolio+review/,2015.0,0.0,0.0,1.0,0.0,0.0
247,Horror & Suspense,/type/4%3A+cci-iff/horror+%26+suspense,247,/type/4%3A+cci-iff/,2015.0,0.0,0.0,1.0,0.0,0.0
248,Horror & Suspense,/type/9%3A+films/horror+%26+suspense,248,/type/9%3A+films/,2015.0,0.0,0.0,1.0,0.0,0.0
249,Horror and Suspense,/type/9%3A+films/horror+and+suspense,249,/type/9%3A+films/,2015.0,0.0,0.0,1.0,0.0,0.0
250,Humor & Satire,/type/9%3A+films/humor+%26+satire,250,/type/9%3A+films/,2015.0,0.0,0.0,1.0,0.0,0.0
251,Hyatt Programs,/type/4%3A+cci-iff/hyatt+programs,251,/type/4%3A+cci-iff/,2015.0,0.0,0.0,1.0,0.0,0.0
252,Hyatt Programs,/type/6%3A+games/hyatt+programs,252,/type/6%3A+games/,2015.0,0.0,0.0,1.0,0.0,0.0
253,Hyatt Programs,/type/1%3A+programs/hyatt+programs,253,/type/1%3A+programs/,2015.0,0.0,0.0,1.0,0.0,0.0
254,Hyatt Programs,/type/9%3A+films/hyatt+programs,254,/type/9%3A+films/,2015.0,0.0,0.0,1.0,0.0,0.0
255,Iello,/type/6%3A+games/iello,255,/type/6%3A+games/,"[2015.0, 2016.0]",0.0,0.0,1.0,1.0,0.0
256,Indie Board Games,/type/6%3A+games/indie+board+games,256,/type/6%3A+games/,2015.0,0.0,0.0,1.0,0.0,0.0
257,Indie Game Alliance,/type/6%3A+games/indie+game+alliance,257,/type/6%3A+games/,"[2015.0, 2016.0]",0.0,0.0,1.0,1.0,0.0
258,Japanime Games,/type/6%3A+games/japanime+games,258,/type/6%3A+games/,2015.0,0.0,0.0,1.0,0.0,0.0
259,Karate Fight,/type/6%3A+games/karate+fight,259,/type/6%3A+games/,2015.0,0.0,0.0,1.0,0.0,0.0
260,Kids,/type/9%3A+films/kids,260,/type/9%3A+films/,2015.0,0.0,0.0,1.0,0.0,0.0
261,King of New York,/type/6%3A+games/king+of+new+york,261,/type/6%3A+games/,"[2015.0, 2016.0]",0.0,0.0,1.0,1.0,0.0
262,King of Tokyo,/type/6%3A+games/king+of+tokyo,262,/type/6%3A+games/,"[2015.0, 2016.0]",0.0,0.0,1.0,1.0,0.0
263,LEGO,/type/7%3A+portfolio+review/lego,263,/type/7%3A+portfolio+review/,2015.0,0.0,0.0,1.0,0.0,0.0
264,Library Programs,/type/1%3A+programs/library+programs,264,/type/1%3A+programs/,"[2015.0, 2016.0, 2017.0]",0.0,0.0,1.0,1.0,1.0
265,Madden 15,/type/6%3A+games/madden+15,265,/type/6%3A+games/,"[2015.0, 2016.0]",0.0,0.0,1.0,1.0,0.0
266,Masquerade,/type/1%3A+programs/masquerade,266,/type/1%3A+programs/,"[2015.0, 2016.0, 2017.0]",0.0,0.0,1.0,1.0,1.0
267,Mobile Games,/type/6%3A+games/mobile+games,267,/type/6%3A+games/,2015.0,0.0,0.0,1.0,0.0,0.0
268,Monkey Finger Games,/type/6%3A+games/monkey+finger+games,268,/type/6%3A+games/,"[2015.0, 2016.0]",0.0,0.0,1.0,1.0,0.0
269,Mortal Kombat X,/type/6%3A+games/mortal+kombat+x,269,/type/6%3A+games/,"[2015.0, 2016.0]",0.0,0.0,1.0,1.0,0.0
270,Movies,/type/9%3A+films/movies,270,/type/9%3A+films/,"[2015.0, 2016.0, 2017.0]",0.0,0.0,1.0,1.0,1.0
271,Music,/type/9%3A+films/music,271,/type/9%3A+films/,2015.0,0.0,0.0,1.0,0.0,0.0
272,Nickelodeon Recruiting and Internships,/type/7%3A+portfolio+review/nickelodeon+recruiting+and+internships,272,/type/7%3A+portfolio+review/,2015.0,0.0,0.0,1.0,0.0,0.0
273,Nickelodeon Talent Development,/type/7%3A+portfolio+review/nickelodeon+talent+development,273,/type/7%3A+portfolio+review/,2015.0,0.0,0.0,1.0,0.0,0.0
274,Open Games,/type/6%3A+games/open+games,274,/type/6%3A+games/,2015.0,0.0,0.0,1.0,0.0,0.0
275,Parallax,/type/6%3A+games/parallax,275,/type/6%3A+games/,2015.0,0.0,0.0,1.0,0.0,0.0
276,Paramount Animation,/type/7%3A+portfolio+review/paramount+animation,276,/type/7%3A+portfolio+review/,2015.0,0.0,0.0,1.0,0.0,0.0
277,PicturePlane,/type/7%3A+portfolio+review/pictureplane,277,/type/7%3A+portfolio+review/,2015.0,0.0,0.0,1.0,0.0,0.0
278,Podcasts,/type/1%3A+programs/podcasts,278,/type/1%3A+programs/,"[2015.0, 2016.0, 2017.0]",0.0,0.0,1.0,1.0,1.0
279,Purple Fuzzy Monster Games,/type/6%3A+games/purple+fuzzy+monster+games,279,/type/6%3A+games/,2015.0,0.0,0.0,1.0,0.0,0.0
280,Ravensdale Publishing,/type/6%3A+games/ravensdale+publishing,280,/type/6%3A+games/,2015.0,0.0,0.0,1.0,0.0,0.0
281,Red Dragon Inn,/type/6%3A+games/red+dragon+inn,281,/type/6%3A+games/,"[2015.0, 2016.0]",0.0,0.0,1.0,1.0,0.0
282,Retailers,/type/8%3A+retailers/retailers,282,/type/8%3A+retailers/,"[2015.0, 2016.0, 2017.0]",0.0,0.0,1.0,1.0,1.0
283,Retailers,/type/1%3A+programs/retailers,283,/type/1%3A+programs/,"[2015.0, 2016.0, 2017.0]",0.0,0.0,1.0,1.0,1.0
284,Rough,/type/6%3A+games/rough,284,/type/6%3A+games/,"[2015.0, 2016.0]",0.0,0.0,1.0,1.0,0.0
285,SCA,/type/6%3A+games/sca,285,/type/6%3A+games/,"[2015.0, 2016.0]",0.0,0.0,1.0,1.0,0.0
286,SDTekken,/type/6%3A+games/sdtekken,286,/type/6%3A+games/,2015.0,0.0,0.0,1.0,0.0,0.0
287,Science Fiction & Fantasy,/type/9%3A+films/science+fiction+%26+fantasy,287,/type/9%3A+films/,2015.0,0.0,0.0,1.0,0.0,0.0
288,Seminars and Workshops,/type/4%3A+cci-iff/seminars+and+workshops,288,/type/4%3A+cci-iff/,"[2015.0, 2016.0, 2017.0]",0.0,0.0,1.0,1.0,1.0
289,Seminars and Workshops,/type/1%3A+programs/seminars+and+workshops,289,/type/1%3A+programs/,"[2015.0, 2016.0, 2017.0]",0.0,0.0,1.0,1.0,1.0
290,Slugfest Games,/type/6%3A+games/slugfest+games,290,/type/6%3A+games/,2015.0,0.0,0.0,1.0,0.0,0.0
291,Social,/type/6%3A+games/social,291,/type/6%3A+games/,2015.0,0.0,0.0,1.0,0.0,0.0
292,Soul Hunters,/type/6%3A+games/soul+hunters,292,/type/6%3A+games/,2015.0,0.0,0.0,1.0,0.0,0.0
293,Space Goat,/type/7%3A+portfolio+review/space+goat,293,/type/7%3A+portfolio+review/,2015.0,0.0,0.0,1.0,0.0,0.0
294,Starships,/type/6%3A+games/starships,294,/type/6%3A+games/,"[2015.0, 2016.0]",0.0,0.0,1.0,1.0,0.0
295,Steve Jackson Games,/type/6%3A+games/steve+jackson+games,295,/type/6%3A+games/,"[2015.0, 2016.0]",0.0,0.0,1.0,1.0,0.0
296,Super Dungeon Expore,/type/6%3A+games/super+dungeon+expore,296,/type/6%3A+games/,2015.0,0.0,0.0,1.0,0.0,0.0
297,Superheroes,/type/9%3A+films/superheroes,297,/type/9%3A+films/,2015.0,0.0,0.0,1.0,0.0,0.0
298,Tentacle Bento,/type/6%3A+games/tentacle+bento,298,/type/6%3A+games/,2015.0,0.0,0.0,1.0,0.0,0.0
299,The Shadow Over Westminster,/type/6%3A+games/the+shadow+over+westminster,299,/type/6%3A+games/,"[2015.0, 2016.0]",0.0,0.0,1.0,1.0,0.0
300,The Walking Dead: The Prison,/type/6%3A+games/the+walking+dead%3A+the+prison,300,/type/6%3A+games/,2015.0,0.0,0.0,1.0,0.0,0.0
301,Tides of Infamy,/type/6%3A+games/tides+of+infamy,301,/type/6%3A+games/,2015.0,0.0,0.0,1.0,0.0,0.0
302,Ultra Street Fighter 4,/type/6%3A+games/ultra+street+fighter+4,302,/type/6%3A+games/,"[2015.0, 2016.0]",0.0,0.0,1.0,1.0,0.0
303,Villains & Henchmen!,/type/6%3A+games/villains+%26+henchmen%21,303,/type/6%3A+games/,2015.0,0.0,0.0,1.0,0.0,0.0
304,Warbands,/type/6%3A+games/warbands,304,/type/6%3A+games/,2015.0,0.0,0.0,1.0,0.0,0.0
305,Writing,/type/4%3A+cci-iff/writing,305,/type/4%3A+cci-iff/,"[2015.0, 2016.0, 2017.0]",0.0,0.0,1.0,1.0,1.0
306,Writing,/type/1%3A+programs/writing,306,/type/1%3A+programs/,"[2015.0, 2016.0, 2017.0]",0.0,0.0,1.0,1.0,1.0
307,Yo Bro!,/type/6%3A+games/yo+bro%21,307,/type/6%3A+games/,2015.0,0.0,0.0,1.0,0.0,0.0
308,Zombicide,/type/6%3A+games/zombicide,308,/type/6%3A+games/,2015.0,0.0,0.0,1.0,0.0,0.0
309,1 First Comics,/type/7%3A+portfolio+review/1+first+comics,309,/type/7%3A+portfolio+review/,2016.0,0.0,0.0,0.0,1.0,0.0
310,Action Lab,/type/7%3A+portfolio+review/action+lab,310,/type/7%3A+portfolio+review/,2016.0,0.0,0.0,0.0,1.0,0.0
311,Action/Adventure,/type/1%3A+programs/action%2Fadventure,311,/type/1%3A+programs/,"[2016.0, 2017.0]",0.0,0.0,0.0,1.0,1.0
312,Action/Adventure,/type/4%3A+cci-iff/action%2Fadventure,312,/type/4%3A+cci-iff/,"[2016.0, 2017.0]",0.0,0.0,0.0,1.0,1.0
313,Adventure Time,/type/6%3A+games/adventure+time,313,/type/6%3A+games/,2016.0,0.0,0.0,0.0,1.0,0.0
314,Agitainment,/type/7%3A+portfolio+review/agitainment,314,/type/7%3A+portfolio+review/,2016.0,0.0,0.0,0.0,1.0,0.0
315,Anime,/type/2%3A+anime/anime,315,/type/2%3A+anime/,"[2016.0, 2017.0]",0.0,0.0,0.0,1.0,1.0
316,Art and Illustration,/type/4%3A+cci-iff/art+and+illustration,316,/type/4%3A+cci-iff/,2016.0,0.0,0.0,0.0,1.0,0.0
317,Aspen Comics,/type/7%3A+portfolio+review/aspen+comics,317,/type/7%3A+portfolio+review/,2016.0,0.0,0.0,0.0,1.0,0.0
318,Awesome Kingdom,/type/6%3A+games/awesome+kingdom,318,/type/6%3A+games/,2016.0,0.0,0.0,0.0,1.0,0.0
319,B-Sieged,/type/6%3A+games/b-sieged,319,/type/6%3A+games/,2016.0,0.0,0.0,0.0,1.0,0.0
320,Barbarossa,/type/6%3A+games/barbarossa,320,/type/6%3A+games/,2016.0,0.0,0.0,0.0,1.0,0.0
321,Blood Rage,/type/6%3A+games/blood+rage,321,/type/6%3A+games/,2016.0,0.0,0.0,0.0,1.0,0.0
322,Bull Frogs,/type/6%3A+games/bull+frogs,322,/type/6%3A+games/,2016.0,0.0,0.0,0.0,1.0,0.0
323,CCGs & TCGs,/type/6%3A+games/ccgs+%26+tcgs,323,/type/6%3A+games/,2016.0,0.0,0.0,0.0,1.0,0.0
324,Cartoon Network,/type/6%3A+games/cartoon+network,324,/type/6%3A+games/,2016.0,0.0,0.0,0.0,1.0,0.0
325,Cat Tower,/type/6%3A+games/cat+tower,325,/type/6%3A+games/,2016.0,0.0,0.0,0.0,1.0,0.0
326,Console Games,/type/6%3A+games/console+games,326,/type/6%3A+games/,2016.0,0.0,0.0,0.0,1.0,0.0
327,Counter Clock Games,/type/6%3A+games/counter+clock+games,327,/type/6%3A+games/,2016.0,0.0,0.0,0.0,1.0,0.0
328,Devils Due Publishing,/type/7%3A+portfolio+review/devils+due+publishing,328,/type/7%3A+portfolio+review/,2016.0,0.0,0.0,0.0,1.0,0.0
329,Diamonsters,/type/6%3A+games/diamonsters,329,/type/6%3A+games/,2016.0,0.0,0.0,0.0,1.0,0.0
330,Disney Television Animation,/type/7%3A+portfolio+review/disney+television+animation,330,/type/7%3A+portfolio+review/,2016.0,0.0,0.0,0.0,1.0,0.0
331,Dogs of War,/type/6%3A+games/dogs+of+war,331,/type/6%3A+games/,2016.0,0.0,0.0,0.0,1.0,0.0
332,Double Feature,/type/6%3A+games/double+feature,332,/type/6%3A+games/,2016.0,0.0,0.0,0.0,1.0,0.0
333,Dungeons & Dragons,/type/6%3A+games/dungeons+%26+dragons,333,/type/6%3A+games/,2016.0,0.0,0.0,0.0,1.0,0.0
334,Education,/type/4%3A+cci-iff/education,334,/type/4%3A+cci-iff/,2016.0,0.0,0.0,0.0,1.0,0.0
335,Eternal Kings,/type/6%3A+games/eternal+kings,335,/type/6%3A+games/,2016.0,0.0,0.0,0.0,1.0,0.0
336,Exploding Kittens,/type/6%3A+games/exploding+kittens,336,/type/6%3A+games/,2016.0,0.0,0.0,0.0,1.0,0.0
337,Gloom: Murder of Crows,/type/6%3A+games/gloom%3A+murder+of+crows,337,/type/6%3A+games/,2016.0,0.0,0.0,0.0,1.0,0.0
338,Gods' Gambit,/type/6%3A+games/gods%27+gambit,338,/type/6%3A+games/,2016.0,0.0,0.0,0.0,1.0,0.0
339,Guild Ball,/type/6%3A+games/guild+ball,339,/type/6%3A+games/,2016.0,0.0,0.0,0.0,1.0,0.0
340,Halo MCC,/type/6%3A+games/halo+mcc,340,/type/6%3A+games/,2016.0,0.0,0.0,0.0,1.0,0.0
341,Happy Pigs,/type/6%3A+games/happy+pigs,341,/type/6%3A+games/,2016.0,0.0,0.0,0.0,1.0,0.0
342,Heart of Crown,/type/6%3A+games/heart+of+crown,342,/type/6%3A+games/,2016.0,0.0,0.0,0.0,1.0,0.0
343,IDW,/type/6%3A+games/idw,343,/type/6%3A+games/,2016.0,0.0,0.0,0.0,1.0,0.0
344,Japanime,/type/6%3A+games/japanime,344,/type/6%3A+games/,2016.0,0.0,0.0,0.0,1.0,0.0
345,Karnickel,/type/6%3A+games/karnickel,345,/type/6%3A+games/,2016.0,0.0,0.0,0.0,1.0,0.0
346,Kitty Paw,/type/6%3A+games/kitty+paw,346,/type/6%3A+games/,2016.0,0.0,0.0,0.0,1.0,0.0
347,Krosmaster Quest,/type/6%3A+games/krosmaster+quest,347,/type/6%3A+games/,2016.0,0.0,0.0,0.0,1.0,0.0
348,LA6721 LLC d/b/a LA,/type/7%3A+portfolio+review/la6721+llc+d%2Fb%2Fa+la,348,/type/7%3A+portfolio+review/,2016.0,0.0,0.0,0.0,1.0,0.0
349,LEGO Systems Inc.,/type/7%3A+portfolio+review/lego+systems+inc.,349,/type/7%3A+portfolio+review/,2016.0,0.0,0.0,0.0,1.0,0.0
350,Lanterns,/type/6%3A+games/lanterns,350,/type/6%3A+games/,2016.0,0.0,0.0,0.0,1.0,0.0
351,Legends of the Colosseum,/type/6%3A+games/legends+of+the+colosseum,351,/type/6%3A+games/,2016.0,0.0,0.0,0.0,1.0,0.0
352,MOD X,/type/6%3A+games/mod+x,352,/type/6%3A+games/,2016.0,0.0,0.0,0.0,1.0,0.0
353,Machi Koro,/type/6%3A+games/machi+koro,353,/type/6%3A+games/,2016.0,0.0,0.0,0.0,1.0,0.0
354,Mangaka,/type/6%3A+games/mangaka,354,/type/6%3A+games/,2016.0,0.0,0.0,0.0,1.0,0.0
355,Marriott Playback Room,/type/1%3A+programs/marriott+playback+room,355,/type/1%3A+programs/,"[2016.0, 2017.0]",0.0,0.0,0.0,1.0,1.0
356,Marriott Programs,/type/9%3A+films/marriott+programs,356,/type/9%3A+films/,"[2016.0, 2017.0]",0.0,0.0,0.0,1.0,1.0
357,Naruto Shippuden,/type/6%3A+games/naruto+shippuden,357,/type/6%3A+games/,2016.0,0.0,0.0,0.0,1.0,0.0
358,Nickelodeon Animation Studio - Internship Program,/type/7%3A+portfolio+review/nickelodeon+animation+studio+-+internship+program,358,/type/7%3A+portfolio+review/,2016.0,0.0,0.0,0.0,1.0,0.0
359,Nickelodeon Animation Studio - Recruitment,/type/7%3A+portfolio+review/nickelodeon+animation+studio+-+recruitment,359,/type/7%3A+portfolio+review/,2016.0,0.0,0.0,0.0,1.0,0.0
360,Ogopogo Press,/type/7%3A+portfolio+review/ogopogo+press,360,/type/7%3A+portfolio+review/,2016.0,0.0,0.0,0.0,1.0,0.0
361,Play It Painted!,/type/6%3A+games/play+it+painted%21,361,/type/6%3A+games/,2016.0,0.0,0.0,0.0,1.0,0.0
362,PokÃ©mon,/type/6%3A+games/pok%E3%A9mon,362,/type/6%3A+games/,2016.0,0.0,0.0,0.0,1.0,0.0
363,Prove It!,/type/6%3A+games/prove+it%21,363,/type/6%3A+games/,2016.0,0.0,0.0,0.0,1.0,0.0
364,Purple Fuzzy Monster,/type/6%3A+games/purple+fuzzy+monster,364,/type/6%3A+games/,2016.0,0.0,0.0,0.0,1.0,0.0
365,Ravensdale,/type/6%3A+games/ravensdale,365,/type/6%3A+games/,2016.0,0.0,0.0,0.0,1.0,0.0
366,Renegade Games,/type/6%3A+games/renegade+games,366,/type/6%3A+games/,2016.0,0.0,0.0,0.0,1.0,0.0
367,Rum and Bones,/type/6%3A+games/rum+and+bones,367,/type/6%3A+games/,2016.0,0.0,0.0,0.0,1.0,0.0
368,SMOG,/type/6%3A+games/smog,368,/type/6%3A+games/,2016.0,0.0,0.0,0.0,1.0,0.0
369,Saboteur,/type/6%3A+games/saboteur,369,/type/6%3A+games/,2016.0,0.0,0.0,0.0,1.0,0.0
370,SafeHaven Games,/type/6%3A+games/safehaven+games,370,/type/6%3A+games/,2016.0,0.0,0.0,0.0,1.0,0.0
371,Savage Worlds,/type/6%3A+games/savage+worlds,371,/type/6%3A+games/,2016.0,0.0,0.0,0.0,1.0,0.0
372,Scoops,/type/6%3A+games/scoops,372,/type/6%3A+games/,2016.0,0.0,0.0,0.0,1.0,0.0
373,Slugfest,/type/6%3A+games/slugfest,373,/type/6%3A+games/,2016.0,0.0,0.0,0.0,1.0,0.0
374,Steamforged Games,/type/6%3A+games/steamforged+games,374,/type/6%3A+games/,2016.0,0.0,0.0,0.0,1.0,0.0
375,Super Dungeon Expore: Forgotten King,/type/6%3A+games/super+dungeon+expore%3A+forgotten+king,375,/type/6%3A+games/,2016.0,0.0,0.0,0.0,1.0,0.0
376,Television,/type/4%3A+cci-iff/television,376,/type/4%3A+cci-iff/,2016.0,0.0,0.0,0.0,1.0,0.0
377,The Grizzled,/type/6%3A+games/the+grizzled,377,/type/6%3A+games/,2016.0,0.0,0.0,0.0,1.0,0.0
378,Tournaments,/type/6%3A+games/tournaments,378,/type/6%3A+games/,2016.0,0.0,0.0,0.0,1.0,0.0
379,Universal Kids & Family Productions,/type/7%3A+portfolio+review/universal+kids+%26+family+productions,379,/type/7%3A+portfolio+review/,2016.0,0.0,0.0,0.0,1.0,0.0
380,Video Games,/type/4%3A+cci-iff/video+games,380,/type/4%3A+cci-iff/,2016.0,0.0,0.0,0.0,1.0,0.0
381,Villains and Henchmen,/type/6%3A+games/villains+and+henchmen,381,/type/6%3A+games/,2016.0,0.0,0.0,0.0,1.0,0.0
382,W3RKSHOP Studios,/type/7%3A+portfolio+review/w3rkshop+studios,382,/type/7%3A+portfolio+review/,2016.0,0.0,0.0,0.0,1.0,0.0
383,Web,/type/4%3A+cci-iff/web,383,/type/4%3A+cci-iff/,2016.0,0.0,0.0,0.0,1.0,0.0
384,Whatnot Entertainment/ Voyager Media Company/Renegade Media (ANM8R.com),/type/7%3A+portfolio+review/whatnot+entertainment%2F+voyager+media+company%2Frenegade+media+%28anm8r.com%29,384,/type/7%3A+portfolio+review/,2016.0,0.0,0.0,0.0,1.0,0.0
385,Winds of Fortune,/type/6%3A+games/winds+of+fortune,385,/type/6%3A+games/,2016.0,0.0,0.0,0.0,1.0,0.0
386,Xenoshyft,/type/6%3A+games/xenoshyft,386,/type/6%3A+games/,2016.0,0.0,0.0,0.0,1.0,0.0
387,Zombicide Black Plague,/type/6%3A+games/zombicide+black+plague,387,/type/6%3A+games/,2016.0,0.0,0.0,0.0,1.0,0.0
388,Action Figures - Toys - Collectibles,/type/u%3A+updated/action+figures+-+toys+-+collectibles,388,/type/u%3A+updated/,2017.0,0.0,0.0,0.0,0.0,1.0
389,Action/Adventure,/type/u%3A+updated/action%2Fadventure,389,/type/u%3A+updated/,2017.0,0.0,0.0,0.0,0.0,1.0
390,Animation,/type/u%3A+updated/animation,390,/type/u%3A+updated/,2017.0,0.0,0.0,0.0,0.0,1.0
391,Anime & Manga,/type/u%3A+updated/anime+%26+manga,391,/type/u%3A+updated/,2017.0,0.0,0.0,0.0,0.0,1.0
392,Art and Illustration,/type/u%3A+updated/art+and+illustration,392,/type/u%3A+updated/,2017.0,0.0,0.0,0.0,0.0,1.0
393,Aspen MLT,/type/u%3A+updated/aspen+mlt,393,/type/u%3A+updated/,2017.0,0.0,0.0,0.0,0.0,1.0
394,Aspen MLT,/type/7%3A+portfolio+review/aspen+mlt,394,/type/7%3A+portfolio+review/,2017.0,0.0,0.0,0.0,0.0,1.0
395,Awards Ceremonies,/type/u%3A+updated/awards+ceremonies,395,/type/u%3A+updated/,2017.0,0.0,0.0,0.0,0.0,1.0
396,Books,/type/u%3A+updated/books,396,/type/u%3A+updated/,2017.0,0.0,0.0,0.0,0.0,1.0
397,CBLDF Events,/type/u%3A+updated/cbldf+events,397,/type/u%3A+updated/,2017.0,0.0,0.0,0.0,0.0,1.0
398,Cartooning and Comic Strips,/type/n%3A+new/cartooning+and+comic+strips,398,/type/n%3A+new/,2017.0,0.0,0.0,0.0,0.0,1.0
399,Castellan,/type/6%3A+games/castellan,399,/type/6%3A+games/,2017.0,0.0,0.0,0.0,0.0,1.0
400,Comic-Con Special Guest Spotlights & Appearances,/type/u%3A+updated/comic-con+special+guest+spotlights+%26+appearances,400,/type/u%3A+updated/,2017.0,0.0,0.0,0.0,0.0,1.0
401,Comics,/type/u%3A+updated/comics,401,/type/u%3A+updated/,2017.0,0.0,0.0,0.0,0.0,1.0
402,Committed Comics,/type/u%3A+updated/committed+comics,402,/type/u%3A+updated/,2017.0,0.0,0.0,0.0,0.0,1.0
403,Costuming,/type/u%3A+updated/costuming,403,/type/u%3A+updated/,2017.0,0.0,0.0,0.0,0.0,1.0
404,Education,/type/u%3A+updated/education,404,/type/u%3A+updated/,2017.0,0.0,0.0,0.0,0.0,1.0
405,Fan Culture Programs,/type/u%3A+updated/fan+culture+programs,405,/type/u%3A+updated/,2017.0,0.0,0.0,0.0,0.0,1.0
406,FanBoy Gaming,/type/6%3A+games/fanboy+gaming,406,/type/6%3A+games/,2017.0,0.0,0.0,0.0,0.0,1.0
407,Fandom,/type/u%3A+updated/fandom,407,/type/u%3A+updated/,2017.0,0.0,0.0,0.0,0.0,1.0
408,Fandom,/type/n%3A+new/fandom,408,/type/n%3A+new/,2017.0,0.0,0.0,0.0,0.0,1.0
409,Game Creator Connection,/type/1%3A+programs/game+creator+connection,409,/type/1%3A+programs/,2017.0,0.0,0.0,0.0,0.0,1.0
410,Game Creator Connection,/type/n%3A+new/game+creator+connection,410,/type/n%3A+new/,2017.0,0.0,0.0,0.0,0.0,1.0
411,Games,/type/n%3A+new/games,411,/type/n%3A+new/,2017.0,0.0,0.0,0.0,0.0,1.0
412,Games,/type/u%3A+updated/games,412,/type/u%3A+updated/,2017.0,0.0,0.0,0.0,0.0,1.0
413,Group Signing,/type/u%3A+updated/group+signing,413,/type/u%3A+updated/,2017.0,0.0,0.0,0.0,0.0,1.0
414,Group Signing,/type/x%3A+cancelled/group+signing,414,/type/x%3A+cancelled/,2017.0,0.0,0.0,0.0,0.0,1.0
415,Hilton Programs,/type/u%3A+updated/hilton+programs,415,/type/u%3A+updated/,2017.0,0.0,0.0,0.0,0.0,1.0
416,Horror and Suspense,/type/u%3A+updated/horror+and+suspense,416,/type/u%3A+updated/,2017.0,0.0,0.0,0.0,0.0,1.0
417,Horton Grand Theatre Programs,/type/u%3A+updated/horton+grand+theatre+programs,417,/type/u%3A+updated/,2017.0,0.0,0.0,0.0,0.0,1.0
418,Humor & Satire,/type/u%3A+updated/humor+%26+satire,418,/type/u%3A+updated/,2017.0,0.0,0.0,0.0,0.0,1.0
419,Illumination,/type/u%3A+updated/illumination,419,/type/u%3A+updated/,2017.0,0.0,0.0,0.0,0.0,1.0
420,Illumination,/type/7%3A+portfolio+review/illumination,420,/type/7%3A+portfolio+review/,2017.0,0.0,0.0,0.0,0.0,1.0
421,Inc (Aspen Comics),/type/u%3A+updated/inc+%28aspen+comics%29,421,/type/u%3A+updated/,2017.0,0.0,0.0,0.0,0.0,1.0
422,Inc (Aspen Comics),/type/7%3A+portfolio+review/inc+%28aspen+comics%29,422,/type/7%3A+portfolio+review/,2017.0,0.0,0.0,0.0,0.0,1.0
423,Individual Signing,/type/u%3A+updated/individual+signing,423,/type/u%3A+updated/,2017.0,0.0,0.0,0.0,0.0,1.0
424,Individual Signing,/type/x%3A+cancelled/individual+signing,424,/type/x%3A+cancelled/,2017.0,0.0,0.0,0.0,0.0,1.0
425,Individual Signing,/type/n%3A+new/individual+signing,425,/type/n%3A+new/,2017.0,0.0,0.0,0.0,0.0,1.0
426,Kids,/type/u%3A+updated/kids,426,/type/u%3A+updated/,2017.0,0.0,0.0,0.0,0.0,1.0
427,Library Programs,/type/u%3A+updated/library+programs,427,/type/u%3A+updated/,2017.0,0.0,0.0,0.0,0.0,1.0
428,Limited Signing,/type/u%3A+updated/limited+signing,428,/type/u%3A+updated/,2017.0,0.0,0.0,0.0,0.0,1.0
429,Lucasfilm,/type/u%3A+updated/lucasfilm,429,/type/u%3A+updated/,2017.0,0.0,0.0,0.0,0.0,1.0
430,Marriott Programs,/type/u%3A+updated/marriott+programs,430,/type/u%3A+updated/,2017.0,0.0,0.0,0.0,0.0,1.0
431,Marriott Programs,/type/n%3A+new/marriott+programs,431,/type/n%3A+new/,2017.0,0.0,0.0,0.0,0.0,1.0
432,Movies,/type/u%3A+updated/movies,432,/type/u%3A+updated/,2017.0,0.0,0.0,0.0,0.0,1.0
433,Music,/type/u%3A+updated/music,433,/type/u%3A+updated/,2017.0,0.0,0.0,0.0,0.0,1.0
434,Mysteries & Crime Dramas,/type/u%3A+updated/mysteries+%26+crime+dramas,434,/type/u%3A+updated/,2017.0,0.0,0.0,0.0,0.0,1.0
435,N: New,/type/n%3A+new,435,,2017.0,0.0,0.0,0.0,0.0,1.0
436,Nickelodeon,/type/u%3A+updated/nickelodeon,436,/type/u%3A+updated/,2017.0,0.0,0.0,0.0,0.0,1.0
437,Nickelodeon Internship,/type/7%3A+portfolio+review/nickelodeon+internship,437,/type/7%3A+portfolio+review/,2017.0,0.0,0.0,0.0,0.0,1.0
438,Nickelodeon Internship,/type/n%3A+new/nickelodeon+internship,438,/type/n%3A+new/,2017.0,0.0,0.0,0.0,0.0,1.0
439,Podcasts,/type/u%3A+updated/podcasts,439,/type/u%3A+updated/,2017.0,0.0,0.0,0.0,0.0,1.0
440,Pokémon,/type/6%3A+games/pok%C3%A9mon,440,/type/6%3A+games/,2017.0,0.0,0.0,0.0,0.0,1.0
441,Renegade Animation Studios,/type/u%3A+updated/renegade+animation+studios,441,/type/u%3A+updated/,2017.0,0.0,0.0,0.0,0.0,1.0
442,Renegade Animation Studios,/type/7%3A+portfolio+review/renegade+animation+studios,442,/type/7%3A+portfolio+review/,2017.0,0.0,0.0,0.0,0.0,1.0
443,Science Fiction & Fantasy,/type/u%3A+updated/science+fiction+%26+fantasy,443,/type/u%3A+updated/,2017.0,0.0,0.0,0.0,0.0,1.0
444,Seminars & Workshops,/type/n%3A+new/seminars+%26+workshops,444,/type/n%3A+new/,2017.0,0.0,0.0,0.0,0.0,1.0
445,Seminars & Workshops,/type/u%3A+updated/seminars+%26+workshops,445,/type/u%3A+updated/,2017.0,0.0,0.0,0.0,0.0,1.0
446,Smorgasbord Productions,/type/u%3A+updated/smorgasbord+productions,446,/type/u%3A+updated/,2017.0,0.0,0.0,0.0,0.0,1.0
447,Space Goat Productions,/type/u%3A+updated/space+goat+productions,447,/type/u%3A+updated/,2017.0,0.0,0.0,0.0,0.0,1.0
448,Studio Lo Mismo,/type/u%3A+updated/studio+lo+mismo,448,/type/u%3A+updated/,2017.0,0.0,0.0,0.0,0.0,1.0
449,Superheroes,/type/u%3A+updated/superheroes,449,/type/u%3A+updated/,2017.0,0.0,0.0,0.0,0.0,1.0
450,Talkback,/type/u%3A+updated/talkback,450,/type/u%3A+updated/,2017.0,0.0,0.0,0.0,0.0,1.0
451,Television,/type/u%3A+updated/television,451,/type/u%3A+updated/,2017.0,0.0,0.0,0.0,0.0,1.0
452,The Upper Deck Company,/type/7%3A+portfolio+review/the+upper+deck+company,452,/type/7%3A+portfolio+review/,2017.0,0.0,0.0,0.0,0.0,1.0
453,The Upper Deck Company,/type/u%3A+updated/the+upper+deck+company,453,/type/u%3A+updated/,2017.0,0.0,0.0,0.0,0.0,1.0
454,Ticketed Events,/type/u%3A+updated/ticketed+events,454,/type/u%3A+updated/,2017.0,0.0,0.0,0.0,0.0,1.0
455,Tributes,/type/u%3A+updated/tributes,455,/type/u%3A+updated/,2017.0,0.0,0.0,0.0,0.0,1.0
456,U: Updated,/type/u%3A+updated,456,,2017.0,0.0,0.0,0.0,0.0,1.0
457,Video Games,/type/u%3A+updated/video+games,457,/type/u%3A+updated/,2017.0,0.0,0.0,0.0,0.0,1.0
458,Video Games,/type/n%3A+new/video+games,458,/type/n%3A+new/,2017.0,0.0,0.0,0.0,0.0,1.0
459,Voyager Media Company,/type/u%3A+updated/voyager+media+company,459,/type/u%3A+updated/,2017.0,0.0,0.0,0.0,0.0,1.0
460,Voyager Media Company,/type/7%3A+portfolio+review/voyager+media+company,460,/type/7%3A+portfolio+review/,2017.0,0.0,0.0,0.0,0.0,1.0
461,Web,/type/u%3A+updated/web,461,/type/u%3A+updated/,2017.0,0.0,0.0,0.0,0.0,1.0
462,Wet Hot American Summer,/type/6%3A+games/wet+hot+american+summer,462,/type/6%3A+games/,2017.0,0.0,0.0,0.0,0.0,1.0
463,Writers & Writing,/type/u%3A+updated/writers+%26+writing,463,/type/u%3A+updated/,2017.0,0.0,0.0,0.0,0.0,1.0
464,X: Cancelled,/type/x%3A+cancelled,464,,2017.0,0.0,0.0,0.0,0.0,1.0
