;location;location_link;id;address;x_coordinate;y_coordinate;year;2013;2014;2015;2016;2017
0;Marriott Hall 4, Marriott Marquis & Marina;/venue/Marriott+Hall+4%2C+Marriott+Marquis+%26+Marina;0;333 W Harbor Dr, San Diego, CA 92101, USA;32.7084733;-117.16742250000001;[2013.0, 2014.0];1.0;1.0;0.0;0.0;0.0
1;Marriott Ballroom E, Marriott Marquis & Marina;/venue/Marriott+Ballroom+E%2C+Marriott+Marquis+%26+Marina;1;333 W Harbor Dr, San Diego, CA 92101, USA;32.7084733;-117.16742250000001;[2013.0, 2014.0, 2016.0];1.0;1.0;0.0;1.0;0.0
2;Room 16B;/venue/Room+16B;2;111 W Harbor Dr, San Diego, CA 92101, USA;32.7065326;-117.16403249999999;[2013.0, 2014.0, 2016.0];1.0;1.0;0.0;1.0;0.0
3;Room 15A;/venue/Room+15A;3;111 W Harbor Dr, San Diego, CA 92101, USA;32.7065326;-117.16403249999999;2013.0;1.0;0.0;0.0;0.0;0.0
4;Ballroom 20;/venue/Ballroom+20;4;111 W Harbor Dr, San Diego, CA 92101, USA;32.7065326;-117.16403249999999;[2013.0, 2014.0, 2015.0, 2016.0, 2017.0];1.0;1.0;1.0;1.0;1.0
5;Sails Pavilion - Autographs;/venue/Sails+Pavilion+-+Autographs;5;111 W Harbor Dr, San Diego, CA 92101, USA;32.7065326;-117.16403249999999;[2013.0, 2014.0, 2015.0, 2016.0, 2017.0];1.0;1.0;1.0;1.0;1.0
6;Marriott Hall 6, Marriott Marquis & Marina;/venue/Marriott+Hall+6%2C+Marriott+Marquis+%26+Marina;6;333 W Harbor Dr, San Diego, CA 92101, USA;32.7084733;-117.16742250000001;[2013.0, 2014.0];1.0;1.0;0.0;0.0;0.0
7;Marriott Hall 5, Marriott Marquis & Marina;/venue/Marriott+Hall+5%2C+Marriott+Marquis+%26+Marina;7;333 W Harbor Dr, San Diego, CA 92101, USA;32.7084733;-117.16742250000001;[2013.0, 2014.0];1.0;1.0;0.0;0.0;0.0
8;Room 2;/venue/Room+2;8;111 W Harbor Dr, San Diego, CA 92101, USA;32.7065326;-117.16403249999999;[2013.0, 2014.0, 2015.0, 2016.0, 2017.0];1.0;1.0;1.0;1.0;1.0
9;Room 5AB;/venue/Room+5AB;9;111 W Harbor Dr, San Diego, CA 92101, USA;32.7065326;-117.16403249999999;[2013.0, 2014.0, 2015.0, 2016.0, 2017.0];1.0;1.0;1.0;1.0;1.0
10;Room 32AB;/venue/Room+32AB;10;111 W Harbor Dr, San Diego, CA 92101, USA;32.7065326;-117.16403249999999;[2013.0, 2014.0, 2015.0, 2016.0, 2017.0];1.0;1.0;1.0;1.0;1.0
11;Room 23ABC;/venue/Room+23ABC;11;111 W Harbor Dr, San Diego, CA 92101, USA;32.7065326;-117.16403249999999;[2013.0, 2014.0, 2015.0, 2016.0, 2017.0];1.0;1.0;1.0;1.0;1.0
12;Room 7AB;/venue/Room+7AB;12;111 W Harbor Dr, San Diego, CA 92101, USA;32.7065326;-117.16403249999999;[2013.0, 2014.0, 2015.0, 2016.0, 2017.0];1.0;1.0;1.0;1.0;1.0
13;Room 9;/venue/Room+9;13;111 W Harbor Dr, San Diego, CA 92101, USA;32.7065326;-117.16403249999999;[2013.0, 2014.0, 2015.0, 2016.0, 2017.0];1.0;1.0;1.0;1.0;1.0
14;Room 25ABC;/venue/Room+25ABC;14;111 W Harbor Dr, San Diego, CA 92101, USA;32.7065326;-117.16403249999999;[2013.0, 2014.0, 2015.0, 2016.0, 2017.0];1.0;1.0;1.0;1.0;1.0
15;Marriott Hall 2, Marriott Marquis & Marina;/venue/Marriott+Hall+2%2C+Marriott+Marquis+%26+Marina;15;333 W Harbor Dr, San Diego, CA 92101, USA;32.7084733;-117.16742250000001;[2013.0, 2014.0];1.0;1.0;0.0;0.0;0.0
16;Sails Pavilion - Portfolio Review;/venue/Sails+Pavilion+-+Portfolio+Review;16;111 W Harbor Dr, San Diego, CA 92101, USA;32.7065326;-117.16403249999999;[2013.0, 2014.0, 2015.0, 2016.0, 2017.0];1.0;1.0;1.0;1.0;1.0
17;Room 16A;/venue/Room+16A;17;111 W Harbor Dr, San Diego, CA 92101, USA;32.7065326;-117.16403249999999;[2013.0, 2014.0, 2016.0];1.0;1.0;0.0;1.0;0.0
18;Marriott Ballroom F, Marriott Marquis & Marina;/venue/Marriott+Ballroom+F%2C+Marriott+Marquis+%26+Marina;18;333 W Harbor Dr, San Diego, CA 92101, USA;32.7084733;-117.16742250000001;[2013.0, 2014.0, 2016.0];1.0;1.0;0.0;1.0;0.0
19;Room 14A;/venue/Room+14A;19;111 W Harbor Dr, San Diego, CA 92101, USA;32.7065326;-117.16403249999999;[2013.0, 2015.0];1.0;0.0;1.0;0.0;0.0
20;Room 6DE;/venue/Room+6DE;20;111 W Harbor Dr, San Diego, CA 92101, USA;32.7065326;-117.16403249999999;[2013.0, 2014.0, 2015.0, 2016.0, 2017.0];1.0;1.0;1.0;1.0;1.0
21;Room 28DE;/venue/Room+28DE;21;111 W Harbor Dr, San Diego, CA 92101, USA;32.7065326;-117.16403249999999;[2013.0, 2014.0, 2015.0, 2016.0, 2017.0];1.0;1.0;1.0;1.0;1.0
22;Room 6BCF;/venue/Room+6BCF;22;111 W Harbor Dr, San Diego, CA 92101, USA;32.7065326;-117.16403249999999;[2013.0, 2014.0, 2015.0, 2016.0, 2017.0];1.0;1.0;1.0;1.0;1.0
23;Room 4;/venue/Room+4;23;111 W Harbor Dr, San Diego, CA 92101, USA;32.7065326;-117.16403249999999;[2013.0, 2014.0, 2015.0, 2016.0, 2017.0];1.0;1.0;1.0;1.0;1.0
24;Room 8;/venue/Room+8;24;111 W Harbor Dr, San Diego, CA 92101, USA;32.7065326;-117.16403249999999;[2013.0, 2014.0, 2015.0, 2016.0, 2017.0];1.0;1.0;1.0;1.0;1.0
25;Room 24ABC;/venue/Room+24ABC;25;111 W Harbor Dr, San Diego, CA 92101, USA;32.7065326;-117.16403249999999;[2013.0, 2014.0, 2015.0, 2016.0, 2017.0];1.0;1.0;1.0;1.0;1.0
26;Room 6A;/venue/Room+6A;26;111 W Harbor Dr, San Diego, CA 92101, USA;32.7065326;-117.16403249999999;[2013.0, 2014.0, 2015.0, 2016.0, 2017.0];1.0;1.0;1.0;1.0;1.0
27;Room 30CDE;/venue/Room+30CDE;27;111 W Harbor Dr, San Diego, CA 92101, USA;32.7065326;-117.16403249999999;[2013.0, 2014.0, 2015.0, 2016.0];1.0;1.0;1.0;1.0;0.0
28;Room 26AB;/venue/Room+26AB;28;111 W Harbor Dr, San Diego, CA 92101, USA;32.7065326;-117.16403249999999;[2013.0, 2014.0, 2015.0, 2016.0, 2017.0];1.0;1.0;1.0;1.0;1.0
29;Indigo Ballroom, Hilton San Diego Bayfront;/venue/Indigo+Ballroom%2C+Hilton+San+Diego+Bayfront;29;1 Park Blvd, San Diego, CA 92101, USA;32.7032495;-117.160804;[2013.0, 2014.0, 2015.0, 2016.0, 2017.0];1.0;1.0;1.0;1.0;1.0
30;Room 17AB;/venue/Room+17AB;30;111 W Harbor Dr, San Diego, CA 92101, USA;32.7065326;-117.16403249999999;[2013.0, 2014.0];1.0;1.0;0.0;0.0;0.0
31;Hall H;/venue/Hall+H;31;111 W Harbor Dr, San Diego, CA 92101, USA;32.7065326;-117.16403249999999;[2013.0, 2014.0, 2015.0, 2016.0, 2017.0];1.0;1.0;1.0;1.0;1.0
32;Room 29A;/venue/Room+29A;32;111 W Harbor Dr, San Diego, CA 92101, USA;32.7065326;-117.16403249999999;[2013.0, 2014.0];1.0;1.0;0.0;0.0;0.0
33;Room 18;/venue/Room+18;33;111 W Harbor Dr, San Diego, CA 92101, USA;32.7065326;-117.16403249999999;[2013.0, 2014.0, 2015.0, 2016.0, 2017.0];1.0;1.0;1.0;1.0;1.0
34;Lyceum;/venue/Lyceum;34;111 W Harbor Dr, San Diego, CA 92101, USA;32.7065326;-117.16403249999999;2013.0;1.0;0.0;0.0;0.0;0.0
35;Room 29B;/venue/Room+29B;35;111 W Harbor Dr, San Diego, CA 92101, USA;32.7065326;-117.16403249999999;2013.0;1.0;0.0;0.0;0.0;0.0
36;Sapphire Ballroom CD, Hilton San Diego Bayfront;/venue/Sapphire+Ballroom+CD%2C+Hilton+San+Diego+Bayfront;36;1 Park Blvd, San Diego, CA 92101, USA;32.7032495;-117.160804;2013.0;1.0;0.0;0.0;0.0;0.0
37;Sails Pavilion;/venue/Sails+Pavilion;37;111 W Harbor Dr, San Diego, CA 92101, USA;32.7065326;-117.16403249999999;[2013.0, 2015.0];1.0;0.0;1.0;0.0;0.0
38;Room 15AB;/venue/Room+15AB;38;111 W Harbor Dr, San Diego, CA 92101, USA;32.7065326;-117.16403249999999;[2014.0, 2015.0, 2016.0];0.0;1.0;1.0;1.0;0.0
39;Room 14AB;/venue/Room+14AB;39;111 W Harbor Dr, San Diego, CA 92101, USA;32.7065326;-117.16403249999999;[2014.0, 2016.0];0.0;1.0;0.0;1.0;0.0
40;The Playback Room, Omni Hotel, 4th Floor Ballroom;/venue/The+Playback+Room%2C+Omni+Hotel%2C+4th+Floor+Ballroom;40;111 W Harbor Dr, San Diego, CA 92101, USA;32.7065326;-117.16403249999999;[2014.0, 2015.0];0.0;1.0;1.0;0.0;0.0
41;Horton Grand Theatre;/venue/Horton+Grand+Theatre;41;444 Fourth Ave, San Diego, CA 92101, USA;32.7100338;-117.16337730000001;[2014.0, 2015.0, 2016.0, 2017.0];0.0;1.0;1.0;1.0;1.0
42;Room 19;/venue/Room+19;42;111 W Harbor Dr, San Diego, CA 92101, USA;32.7065326;-117.16403249999999;[2014.0, 2015.0, 2016.0];0.0;1.0;1.0;1.0;0.0
43;Sapphire Ballroom EF, Hilton San Diego Bayfront;/venue/Sapphire+Ballroom+EF%2C+Hilton+San+Diego+Bayfront;43;1 Park Blvd, San Diego, CA 92101, USA;32.7032495;-117.160804;2014.0;0.0;1.0;0.0;0.0;0.0
44;Neil Morgan Auditorium, San Diego Central Library;/venue/Neil+Morgan+Auditorium%2C+San+Diego+Central+Library;44;330 Park Blvd, San Diego, CA 92101, USA;32.7089115;-117.15626979999999;[2015.0, 2016.0, 2017.0];0.0;0.0;1.0;1.0;1.0
45;Regatta Room, Manchester Grand Hyatt, 4th Floor;/venue/Regatta+Room%2C+Manchester+Grand+Hyatt%2C+4th+Floor;45;1 Market Pl, San Diego, CA 92101, USA;32.7102978;-117.17041110000001;2015.0;0.0;0.0;1.0;0.0;0.0
46;Shiley Special Events, San Diego Central Library;/venue/Shiley+Special+Events%2C+San+Diego+Central+Library;46;330 Park Blvd, San Diego, CA 92101, USA;32.7089115;-117.15626979999999;[2015.0, 2016.0];0.0;0.0;1.0;1.0;0.0
47;Room 16AB;/venue/Room+16AB;47;111 W Harbor Dr, San Diego, CA 92101, USA;32.7065326;-117.16403249999999;2015.0;0.0;0.0;1.0;0.0;0.0
48;Hillcrest Room, Manchester Grand Hyatt, 3rd Floor;/venue/Hillcrest+Room%2C+Manchester+Grand+Hyatt%2C+3rd+Floor;48;1 Market Pl, San Diego, CA 92101, USA;32.7102978;-117.17041110000001;2015.0;0.0;0.0;1.0;0.0;0.0
49;Seaport A, Manchester Grand Hyatt, 2nd Floor;/venue/Seaport+A%2C+Manchester+Grand+Hyatt%2C+2nd+Floor;49;1 Market Pl, San Diego, CA 92101, USA;32.7102978;-117.17041110000001;2015.0;0.0;0.0;1.0;0.0;0.0
50;Room 17A;/venue/Room+17A;50;111 W Harbor Dr, San Diego, CA 92101, USA;32.7065326;-117.16403249999999;[2015.0, 2016.0];0.0;0.0;1.0;1.0;0.0
51;Room 17B;/venue/Room+17B;51;111 W Harbor Dr, San Diego, CA 92101, USA;32.7065326;-117.16403249999999;[2015.0, 2016.0];0.0;0.0;1.0;1.0;0.0
52;Room 29AB;/venue/Room+29AB;52;111 W Harbor Dr, San Diego, CA 92101, USA;32.7065326;-117.16403249999999;[2015.0, 2016.0, 2017.0];0.0;0.0;1.0;1.0;1.0
53;Grand Ballroom D, Manchester Grand Hyatt;/venue/Grand+Ballroom+D%2C+Manchester+Grand+Hyatt;53;1 Market Pl, San Diego, CA 92101, USA;32.7102978;-117.17041110000001;2015.0;0.0;0.0;1.0;0.0;0.0
54;Coronado Ballroom DE, Manchester Grand Hyatt, 4th Floor;/venue/Coronado+Ballroom+DE%2C+Manchester+Grand+Hyatt%2C+4th+Floor;54;1 Market Pl, San Diego, CA 92101, USA;32.7102978;-117.17041110000001;2015.0;0.0;0.0;1.0;0.0;0.0
55;Coronado Ballroom C, Manchester Grand Hyatt, 4th Floor;/venue/Coronado+Ballroom+C%2C+Manchester+Grand+Hyatt%2C+4th+Floor;55;1 Market Pl, San Diego, CA 92101, USA;32.7102978;-117.17041110000001;2015.0;0.0;0.0;1.0;0.0;0.0
56;Solana Room, Manchester Grand Hyatt, 3rd Floor;/venue/Solana+Room%2C+Manchester+Grand+Hyatt%2C+3rd+Floor;56;1 Market Pl, San Diego, CA 92101, USA;32.7102978;-117.17041110000001;2015.0;0.0;0.0;1.0;0.0;0.0
57;Mezzanine Terrace (outside);/venue/Mezzanine+Terrace+%28outside%29;57;111 W Harbor Dr, San Diego, CA 92101, USA;32.7065326;-117.16403249999999;2015.0;0.0;0.0;1.0;0.0;0.0
58;Seaport B, Manchester Grand Hyatt, 2nd Floor;/venue/Seaport+B%2C+Manchester+Grand+Hyatt%2C+2nd+Floor;58;1 Market Pl, San Diego, CA 92101, USA;32.7102978;-117.17041110000001;2015.0;0.0;0.0;1.0;0.0;0.0
59;Mission Beach Room, Manchester Grand Hyatt, 3rd Floor;/venue/Mission+Beach+Room%2C+Manchester+Grand+Hyatt%2C+3rd+Floor;59;1 Market Pl, San Diego, CA 92101, USA;32.7102978;-117.17041110000001;2015.0;0.0;0.0;1.0;0.0;0.0
60;Pier Room, Manchester Grand Hyatt, 3rd Floor;/venue/Pier+Room%2C+Manchester+Grand+Hyatt%2C+3rd+Floor;60;1 Market Pl, San Diego, CA 92101, USA;32.7102978;-117.17041110000001;2015.0;0.0;0.0;1.0;0.0;0.0
61;Ocean Beach, Manchester Grand Hyatt, 3rd Floor;/venue/Ocean+Beach%2C+Manchester+Grand+Hyatt%2C+3rd+Floor;61;1 Market Pl, San Diego, CA 92101, USA;32.7102978;-117.17041110000001;2015.0;0.0;0.0;1.0;0.0;0.0
62;Santa Rosa Room, Marriott Marquis & Marina;/venue/Santa+Rosa+Room%2C+Marriott+Marquis+%26+Marina;62;333 W Harbor Dr, San Diego, CA 92101, USA;32.7084733;-117.16742250000001;[2015.0, 2016.0];0.0;0.0;1.0;1.0;0.0
63;Marriott Grand Ballroom 4;/venue/Marriott+Grand+Ballroom+4;63;333 W Harbor Dr, San Diego, CA 92101, USA;32.7084733;-117.16742250000001;[2016.0, 2017.0];0.0;0.0;0.0;1.0;1.0
64;Marriott Grand Ballroom 2;/venue/Marriott+Grand+Ballroom+2;64;333 W Harbor Dr, San Diego, CA 92101, USA;32.7084733;-117.16742250000001;2016.0;0.0;0.0;0.0;1.0;0.0
65;Marriott Grand Ballroom 1;/venue/Marriott+Grand+Ballroom+1;65;333 W Harbor Dr, San Diego, CA 92101, USA;32.7084733;-117.16742250000001;2016.0;0.0;0.0;0.0;1.0;0.0
66;Marriott Grand Ballroom 3;/venue/Marriott+Grand+Ballroom+3;66;333 W Harbor Dr, San Diego, CA 92101, USA;32.7084733;-117.16742250000001;2016.0;0.0;0.0;0.0;1.0;0.0
67;Pacific 24, North Tower, Marriott Marquis & Marina;/venue/Pacific+24%2C+North+Tower%2C+Marriott+Marquis+%26+Marina;67;333 W Harbor Dr, San Diego, CA 92101, USA;32.7084733;-117.16742250000001;2016.0;0.0;0.0;0.0;1.0;0.0
68;Pacific 23, North Tower, Marriott Marquis San Diego Marina;/venue/Pacific+23%2C+North+Tower%2C+Marriott+Marquis+San+Diego+Marina;68;333 W Harbor Dr, San Diego, CA 92101, USA;32.7084733;-117.16742250000001;2016.0;0.0;0.0;0.0;1.0;0.0
69;Marriott Marina Ballroom D;/venue/Marriott+Marina+Ballroom+D;69;333 W Harbor Dr, San Diego, CA 92101, USA;32.7084733;-117.16742250000001;2016.0;0.0;0.0;0.0;1.0;0.0
70;Mezzanine Terrace;/venue/Mezzanine+Terrace;70;111 W Harbor Dr, San Diego, CA 92101, USA;32.7065326;-117.16403249999999;2016.0;0.0;0.0;0.0;1.0;0.0
71;Marriott Grand Ballroom 5-6, Marriott Marquis & Marina;/venue/Marriott+Grand+Ballroom+5-6%2C+Marriott+Marquis+%26+Marina;71;333 W Harbor Dr, San Diego, CA 92101, USA;32.7084733;-117.16742250000001;2016.0;0.0;0.0;0.0;1.0;0.0
72;Shiley Special Events Suite, San Diego Central Library;/venue/Shiley+Special+Events+Suite%2C+San+Diego+Central+Library;72;330 Park Blvd, San Diego, CA 92101, USA;32.7089115;-117.15626979999999;2017.0;0.0;0.0;0.0;0.0;1.0
73;Marriott Grand Ballroom 13;/venue/Marriott+Grand+Ballroom+13;73;333 W Harbor Dr, San Diego, CA 92101, USA;32.7084733;-117.16742250000001;2017.0;0.0;0.0;0.0;0.0;1.0
74;Marriott Grand Ballroom 8;/venue/Marriott+Grand+Ballroom+8;74;333 W Harbor Dr, San Diego, CA 92101, USA;32.7084733;-117.16742250000001;2017.0;0.0;0.0;0.0;0.0;1.0
75;Mezzanine 16A;/venue/Mezzanine+16A;75;111 W Harbor Dr, San Diego, CA 92101, USA;32.7065326;-117.16403249999999;2017.0;0.0;0.0;0.0;0.0;1.0
76;Marriott Grand Ballroom 11;/venue/Marriott+Grand+Ballroom+11;76;333 W Harbor Dr, San Diego, CA 92101, USA;32.7084733;-117.16742250000001;2017.0;0.0;0.0;0.0;0.0;1.0
77;Marriott Grand Ballroom 10;/venue/Marriott+Grand+Ballroom+10;77;333 W Harbor Dr, San Diego, CA 92101, USA;32.7084733;-117.16742250000001;2017.0;0.0;0.0;0.0;0.0;1.0
78;Marriott Grand Ballroom 12;/venue/Marriott+Grand+Ballroom+12;78;333 W Harbor Dr, San Diego, CA 92101, USA;32.7084733;-117.16742250000001;2017.0;0.0;0.0;0.0;0.0;1.0
79;Grand 1 & 2, Marriott Marquis San Diego Marina;/venue/Grand+1+%26+2%2C+Marriott+Marquis+San+Diego+Marina;79;333 W Harbor Dr, San Diego, CA 92101, USA;32.7084733;-117.16742250000001;2017.0;0.0;0.0;0.0;0.0;1.0
80;Marriott Grand Ballroom 3 & 4;/venue/Marriott+Grand+Ballroom+3+%26+4;80;333 W Harbor Dr, San Diego, CA 92101, USA;32.7084733;-117.16742250000001;2017.0;0.0;0.0;0.0;0.0;1.0
81;;/venue/;81;111 W Harbor Dr, San Diego, CA 92101, USA;32.7065326;-117.16403249999999;2017.0;0.0;0.0;0.0;0.0;1.0
82;Room 11;/venue/Room+11;82;111 W Harbor Dr, San Diego, CA 92101, USA;32.7065326;-117.16403249999999;2017.0;0.0;0.0;0.0;0.0;1.0
83;Pacific Ballroom 21;/venue/Pacific+Ballroom+21;83;111 W Harbor Dr, San Diego, CA 92101, USA;32.7065326;-117.16403249999999;2017.0;0.0;0.0;0.0;0.0;1.0
84;Mezzanine 16B;/venue/Mezzanine+16B;84;111 W Harbor Dr, San Diego, CA 92101, USA;32.7065326;-117.16403249999999;2017.0;0.0;0.0;0.0;0.0;1.0
85;Mezzanine 14AB;/venue/Mezzanine+14AB;85;111 W Harbor Dr, San Diego, CA 92101, USA;32.7065326;-117.16403249999999;2017.0;0.0;0.0;0.0;0.0;1.0
86;Santa Rosa Room, Marriott Marquis San Diego Marina;/venue/Santa+Rosa+Room%2C+Marriott+Marquis+San+Diego+Marina;86;333 W Harbor Dr, San Diego, CA 92101, USA;32.7084733;-117.16742250000001;2017.0;0.0;0.0;0.0;0.0;1.0
87;Marriott Marina Ballroom DE, Marriott Marquis San Diego Marina;/venue/Marriott+Marina+Ballroom+DE%2C+Marriott+Marquis+San+Diego+Marina;87;333 W Harbor Dr, San Diego, CA 92101, USA;32.7084733;-117.16742250000001;2017.0;0.0;0.0;0.0;0.0;1.0
88;Mezzanine 17B;/venue/Mezzanine+17B;88;111 W Harbor Dr, San Diego, CA 92101, USA;32.7065326;-117.16403249999999;2017.0;0.0;0.0;0.0;0.0;1.0
89;Mezzanine 15AB;/venue/Mezzanine+15AB;89;111 W Harbor Dr, San Diego, CA 92101, USA;32.7065326;-117.16403249999999;2017.0;0.0;0.0;0.0;0.0;1.0
90;Convention Center Room 4;/venue/Convention+Center+Room+4;90;111 W Harbor Dr, San Diego, CA 92101, USA;32.7065326;-117.16403249999999;2017.0;0.0;0.0;0.0;0.0;1.0
91;Room 31AB;/venue/Room+31AB;91;111 W Harbor Dr, San Diego, CA 92101, USA;32.7065326;-117.16403249999999;2017.0;0.0;0.0;0.0;0.0;1.0
92;Grand 3 & 4, Marriott Marquis San Diego Marina;/venue/Grand+3+%26+4%2C+Marriott+Marquis+San+Diego+Marina;92;333 W Harbor Dr, San Diego, CA 92101, USA;32.7084733;-117.16742250000001;2017.0;0.0;0.0;0.0;0.0;1.0
93;Grand 9, Marriott Marquis San Diego Marina;/venue/Grand+9%2C+Marriott+Marquis+San+Diego+Marina;93;333 W Harbor Dr, San Diego, CA 92101, USA;32.7084733;-117.16742250000001;2017.0;0.0;0.0;0.0;0.0;1.0
