,/venue/Marriott+Hall+4%2C+Marriott+Marquis+%26+Marina,/venue/Marriott+Ballroom+E%2C+Marriott+Marquis+%26+Marina,/venue/Room+16B,/venue/Room+15A,/venue/Ballroom+20,/venue/Sails+Pavilion+-+Autographs,/venue/Marriott+Hall+6%2C+Marriott+Marquis+%26+Marina,/venue/Marriott+Hall+5%2C+Marriott+Marquis+%26+Marina,/venue/Room+2,/venue/Room+5AB,/venue/Room+32AB,/venue/Room+23ABC,/venue/Room+7AB,/venue/Room+9,/venue/Room+25ABC,/venue/Marriott+Hall+2%2C+Marriott+Marquis+%26+Marina,/venue/Sails+Pavilion+-+Portfolio+Review,/venue/Room+16A,/venue/Marriott+Ballroom+F%2C+Marriott+Marquis+%26+Marina,/venue/Room+14A,/venue/Room+6DE,/venue/Room+28DE,/venue/Room+6BCF,/venue/Room+4,/venue/Room+8,/venue/Room+24ABC,/venue/Room+6A,/venue/Room+30CDE,/venue/Room+26AB,/venue/Indigo+Ballroom%2C+Hilton+San+Diego+Bayfront,/venue/Room+17AB,/venue/Hall+H,/venue/Room+29A,/venue/Room+18,/venue/Lyceum,/venue/Room+29B,/venue/Sapphire+Ballroom+CD%2C+Hilton+San+Diego+Bayfront,/venue/Sails+Pavilion,/venue/Room+15AB,/venue/Room+14AB,/venue/The+Playback+Room%2C+Omni+Hotel%2C+4th+Floor+Ballroom,/venue/Horton+Grand+Theatre,/venue/Room+19,/venue/Sapphire+Ballroom+EF%2C+Hilton+San+Diego+Bayfront,/venue/Neil+Morgan+Auditorium%2C+San+Diego+Central+Library,/venue/Regatta+Room%2C+Manchester+Grand+Hyatt%2C+4th+Floor,/venue/Shiley+Special+Events%2C+San+Diego+Central+Library,/venue/Room+16AB,/venue/Hillcrest+Room%2C+Manchester+Grand+Hyatt%2C+3rd+Floor,/venue/Seaport+A%2C+Manchester+Grand+Hyatt%2C+2nd+Floor,/venue/Room+17A,/venue/Room+17B,/venue/Room+29AB,/venue/Grand+Ballroom+D%2C+Manchester+Grand+Hyatt,/venue/Coronado+Ballroom+DE%2C+Manchester+Grand+Hyatt%2C+4th+Floor,/venue/Coronado+Ballroom+C%2C+Manchester+Grand+Hyatt%2C+4th+Floor,/venue/Solana+Room%2C+Manchester+Grand+Hyatt%2C+3rd+Floor,/venue/Mezzanine+Terrace+%28outside%29,/venue/Seaport+B%2C+Manchester+Grand+Hyatt%2C+2nd+Floor,/venue/Mission+Beach+Room%2C+Manchester+Grand+Hyatt%2C+3rd+Floor,/venue/Pier+Room%2C+Manchester+Grand+Hyatt%2C+3rd+Floor,/venue/Ocean+Beach%2C+Manchester+Grand+Hyatt%2C+3rd+Floor,/venue/Santa+Rosa+Room%2C+Marriott+Marquis+%26+Marina,/venue/Marriott+Grand+Ballroom+4,/venue/Marriott+Grand+Ballroom+2,/venue/Marriott+Grand+Ballroom+1,/venue/Marriott+Grand+Ballroom+3,/venue/Pacific+24%2C+North+Tower%2C+Marriott+Marquis+%26+Marina,/venue/Pacific+23%2C+North+Tower%2C+Marriott+Marquis+San+Diego+Marina,/venue/Marriott+Marina+Ballroom+D,/venue/Mezzanine+Terrace,/venue/Marriott+Grand+Ballroom+5-6%2C+Marriott+Marquis+%26+Marina,/venue/Shiley+Special+Events+Suite%2C+San+Diego+Central+Library,/venue/Marriott+Grand+Ballroom+13,/venue/Marriott+Grand+Ballroom+8,/venue/Mezzanine+16A,/venue/Marriott+Grand+Ballroom+11,/venue/Marriott+Grand+Ballroom+10,/venue/Marriott+Grand+Ballroom+12,/venue/Grand+1+%26+2%2C+Marriott+Marquis+San+Diego+Marina,/venue/Marriott+Grand+Ballroom+3+%26+4,/venue/,/venue/Room+11,/venue/Pacific+Ballroom+21,/venue/Mezzanine+16B,/venue/Mezzanine+14AB,/venue/Santa+Rosa+Room%2C+Marriott+Marquis+San+Diego+Marina,/venue/Marriott+Marina+Ballroom+DE%2C+Marriott+Marquis+San+Diego+Marina,/venue/Mezzanine+17B,/venue/Mezzanine+15AB,/venue/Convention+Center+Room+4,/venue/Room+31AB,/venue/Grand+3+%26+4%2C+Marriott+Marquis+San+Diego+Marina,/venue/Grand+9%2C+Marriott+Marquis+San+Diego+Marina
/venue/Marriott+Hall+4%2C+Marriott+Marquis+%26+Marina,0,0,478,478,478,478,0,0,478,478,478,478,478,478,478,0,478,478,0,478,478,478,478,478,478,478,478,478,478,615,478,478,478,478,478,478,615,478,478,478,478,445,478,615,968,303,968,478,303,303,478,478,478,303,303,303,303,478,303,303,303,303,0,0,0,0,0,0,0,0,478,0,968,0,0,478,0,0,0,0,0,478,478,478,478,478,0,0,478,478,478,478,0,0
/venue/Marriott+Ballroom+E%2C+Marriott+Marquis+%26+Marina,0,0,478,478,478,478,0,0,478,478,478,478,478,478,478,0,478,478,0,478,478,478,478,478,478,478,478,478,478,615,478,478,478,478,478,478,615,478,478,478,478,445,478,615,968,303,968,478,303,303,478,478,478,303,303,303,303,478,303,303,303,303,0,0,0,0,0,0,0,0,478,0,968,0,0,478,0,0,0,0,0,478,478,478,478,478,0,0,478,478,478,478,0,0
/venue/Room+16B,481,481,0,0,0,0,481,481,0,0,0,0,0,0,0,481,0,0,481,0,0,0,0,0,0,0,0,0,0,381,0,0,0,0,0,0,381,0,0,0,0,766,0,381,1211,784,1211,0,784,784,0,0,0,784,784,784,784,0,784,784,784,784,481,481,481,481,481,481,481,481,0,481,1211,481,481,0,481,481,481,481,481,0,0,0,0,0,481,481,0,0,0,0,481,481
/venue/Room+15A,481,481,0,0,0,0,481,481,0,0,0,0,0,0,0,481,0,0,481,0,0,0,0,0,0,0,0,0,0,381,0,0,0,0,0,0,381,0,0,0,0,766,0,381,1211,784,1211,0,784,784,0,0,0,784,784,784,784,0,784,784,784,784,481,481,481,481,481,481,481,481,0,481,1211,481,481,0,481,481,481,481,481,0,0,0,0,0,481,481,0,0,0,0,481,481
/venue/Ballroom+20,481,481,0,0,0,0,481,481,0,0,0,0,0,0,0,481,0,0,481,0,0,0,0,0,0,0,0,0,0,381,0,0,0,0,0,0,381,0,0,0,0,766,0,381,1211,784,1211,0,784,784,0,0,0,784,784,784,784,0,784,784,784,784,481,481,481,481,481,481,481,481,0,481,1211,481,481,0,481,481,481,481,481,0,0,0,0,0,481,481,0,0,0,0,481,481
/venue/Sails+Pavilion+-+Autographs,481,481,0,0,0,0,481,481,0,0,0,0,0,0,0,481,0,0,481,0,0,0,0,0,0,0,0,0,0,381,0,0,0,0,0,0,381,0,0,0,0,766,0,381,1211,784,1211,0,784,784,0,0,0,784,784,784,784,0,784,784,784,784,481,481,481,481,481,481,481,481,0,481,1211,481,481,0,481,481,481,481,481,0,0,0,0,0,481,481,0,0,0,0,481,481
/venue/Marriott+Hall+6%2C+Marriott+Marquis+%26+Marina,0,0,478,478,478,478,0,0,478,478,478,478,478,478,478,0,478,478,0,478,478,478,478,478,478,478,478,478,478,615,478,478,478,478,478,478,615,478,478,478,478,445,478,615,968,303,968,478,303,303,478,478,478,303,303,303,303,478,303,303,303,303,0,0,0,0,0,0,0,0,478,0,968,0,0,478,0,0,0,0,0,478,478,478,478,478,0,0,478,478,478,478,0,0
/venue/Marriott+Hall+5%2C+Marriott+Marquis+%26+Marina,0,0,478,478,478,478,0,0,478,478,478,478,478,478,478,0,478,478,0,478,478,478,478,478,478,478,478,478,478,615,478,478,478,478,478,478,615,478,478,478,478,445,478,615,968,303,968,478,303,303,478,478,478,303,303,303,303,478,303,303,303,303,0,0,0,0,0,0,0,0,478,0,968,0,0,478,0,0,0,0,0,478,478,478,478,478,0,0,478,478,478,478,0,0
/venue/Room+2,481,481,0,0,0,0,481,481,0,0,0,0,0,0,0,481,0,0,481,0,0,0,0,0,0,0,0,0,0,381,0,0,0,0,0,0,381,0,0,0,0,766,0,381,1211,784,1211,0,784,784,0,0,0,784,784,784,784,0,784,784,784,784,481,481,481,481,481,481,481,481,0,481,1211,481,481,0,481,481,481,481,481,0,0,0,0,0,481,481,0,0,0,0,481,481
/venue/Room+5AB,481,481,0,0,0,0,481,481,0,0,0,0,0,0,0,481,0,0,481,0,0,0,0,0,0,0,0,0,0,381,0,0,0,0,0,0,381,0,0,0,0,766,0,381,1211,784,1211,0,784,784,0,0,0,784,784,784,784,0,784,784,784,784,481,481,481,481,481,481,481,481,0,481,1211,481,481,0,481,481,481,481,481,0,0,0,0,0,481,481,0,0,0,0,481,481
/venue/Room+32AB,481,481,0,0,0,0,481,481,0,0,0,0,0,0,0,481,0,0,481,0,0,0,0,0,0,0,0,0,0,381,0,0,0,0,0,0,381,0,0,0,0,766,0,381,1211,784,1211,0,784,784,0,0,0,784,784,784,784,0,784,784,784,784,481,481,481,481,481,481,481,481,0,481,1211,481,481,0,481,481,481,481,481,0,0,0,0,0,481,481,0,0,0,0,481,481
/venue/Room+23ABC,481,481,0,0,0,0,481,481,0,0,0,0,0,0,0,481,0,0,481,0,0,0,0,0,0,0,0,0,0,381,0,0,0,0,0,0,381,0,0,0,0,766,0,381,1211,784,1211,0,784,784,0,0,0,784,784,784,784,0,784,784,784,784,481,481,481,481,481,481,481,481,0,481,1211,481,481,0,481,481,481,481,481,0,0,0,0,0,481,481,0,0,0,0,481,481
/venue/Room+7AB,481,481,0,0,0,0,481,481,0,0,0,0,0,0,0,481,0,0,481,0,0,0,0,0,0,0,0,0,0,381,0,0,0,0,0,0,381,0,0,0,0,766,0,381,1211,784,1211,0,784,784,0,0,0,784,784,784,784,0,784,784,784,784,481,481,481,481,481,481,481,481,0,481,1211,481,481,0,481,481,481,481,481,0,0,0,0,0,481,481,0,0,0,0,481,481
/venue/Room+9,481,481,0,0,0,0,481,481,0,0,0,0,0,0,0,481,0,0,481,0,0,0,0,0,0,0,0,0,0,381,0,0,0,0,0,0,381,0,0,0,0,766,0,381,1211,784,1211,0,784,784,0,0,0,784,784,784,784,0,784,784,784,784,481,481,481,481,481,481,481,481,0,481,1211,481,481,0,481,481,481,481,481,0,0,0,0,0,481,481,0,0,0,0,481,481
/venue/Room+25ABC,481,481,0,0,0,0,481,481,0,0,0,0,0,0,0,481,0,0,481,0,0,0,0,0,0,0,0,0,0,381,0,0,0,0,0,0,381,0,0,0,0,766,0,381,1211,784,1211,0,784,784,0,0,0,784,784,784,784,0,784,784,784,784,481,481,481,481,481,481,481,481,0,481,1211,481,481,0,481,481,481,481,481,0,0,0,0,0,481,481,0,0,0,0,481,481
/venue/Marriott+Hall+2%2C+Marriott+Marquis+%26+Marina,0,0,478,478,478,478,0,0,478,478,478,478,478,478,478,0,478,478,0,478,478,478,478,478,478,478,478,478,478,615,478,478,478,478,478,478,615,478,478,478,478,445,478,615,968,303,968,478,303,303,478,478,478,303,303,303,303,478,303,303,303,303,0,0,0,0,0,0,0,0,478,0,968,0,0,478,0,0,0,0,0,478,478,478,478,478,0,0,478,478,478,478,0,0
/venue/Sails+Pavilion+-+Portfolio+Review,481,481,0,0,0,0,481,481,0,0,0,0,0,0,0,481,0,0,481,0,0,0,0,0,0,0,0,0,0,381,0,0,0,0,0,0,381,0,0,0,0,766,0,381,1211,784,1211,0,784,784,0,0,0,784,784,784,784,0,784,784,784,784,481,481,481,481,481,481,481,481,0,481,1211,481,481,0,481,481,481,481,481,0,0,0,0,0,481,481,0,0,0,0,481,481
/venue/Room+16A,481,481,0,0,0,0,481,481,0,0,0,0,0,0,0,481,0,0,481,0,0,0,0,0,0,0,0,0,0,381,0,0,0,0,0,0,381,0,0,0,0,766,0,381,1211,784,1211,0,784,784,0,0,0,784,784,784,784,0,784,784,784,784,481,481,481,481,481,481,481,481,0,481,1211,481,481,0,481,481,481,481,481,0,0,0,0,0,481,481,0,0,0,0,481,481
/venue/Marriott+Ballroom+F%2C+Marriott+Marquis+%26+Marina,0,0,478,478,478,478,0,0,478,478,478,478,478,478,478,0,478,478,0,478,478,478,478,478,478,478,478,478,478,615,478,478,478,478,478,478,615,478,478,478,478,445,478,615,968,303,968,478,303,303,478,478,478,303,303,303,303,478,303,303,303,303,0,0,0,0,0,0,0,0,478,0,968,0,0,478,0,0,0,0,0,478,478,478,478,478,0,0,478,478,478,478,0,0
/venue/Room+14A,481,481,0,0,0,0,481,481,0,0,0,0,0,0,0,481,0,0,481,0,0,0,0,0,0,0,0,0,0,381,0,0,0,0,0,0,381,0,0,0,0,766,0,381,1211,784,1211,0,784,784,0,0,0,784,784,784,784,0,784,784,784,784,481,481,481,481,481,481,481,481,0,481,1211,481,481,0,481,481,481,481,481,0,0,0,0,0,481,481,0,0,0,0,481,481
/venue/Room+6DE,481,481,0,0,0,0,481,481,0,0,0,0,0,0,0,481,0,0,481,0,0,0,0,0,0,0,0,0,0,381,0,0,0,0,0,0,381,0,0,0,0,766,0,381,1211,784,1211,0,784,784,0,0,0,784,784,784,784,0,784,784,784,784,481,481,481,481,481,481,481,481,0,481,1211,481,481,0,481,481,481,481,481,0,0,0,0,0,481,481,0,0,0,0,481,481
/venue/Room+28DE,481,481,0,0,0,0,481,481,0,0,0,0,0,0,0,481,0,0,481,0,0,0,0,0,0,0,0,0,0,381,0,0,0,0,0,0,381,0,0,0,0,766,0,381,1211,784,1211,0,784,784,0,0,0,784,784,784,784,0,784,784,784,784,481,481,481,481,481,481,481,481,0,481,1211,481,481,0,481,481,481,481,481,0,0,0,0,0,481,481,0,0,0,0,481,481
/venue/Room+6BCF,481,481,0,0,0,0,481,481,0,0,0,0,0,0,0,481,0,0,481,0,0,0,0,0,0,0,0,0,0,381,0,0,0,0,0,0,381,0,0,0,0,766,0,381,1211,784,1211,0,784,784,0,0,0,784,784,784,784,0,784,784,784,784,481,481,481,481,481,481,481,481,0,481,1211,481,481,0,481,481,481,481,481,0,0,0,0,0,481,481,0,0,0,0,481,481
/venue/Room+4,481,481,0,0,0,0,481,481,0,0,0,0,0,0,0,481,0,0,481,0,0,0,0,0,0,0,0,0,0,381,0,0,0,0,0,0,381,0,0,0,0,766,0,381,1211,784,1211,0,784,784,0,0,0,784,784,784,784,0,784,784,784,784,481,481,481,481,481,481,481,481,0,481,1211,481,481,0,481,481,481,481,481,0,0,0,0,0,481,481,0,0,0,0,481,481
/venue/Room+8,481,481,0,0,0,0,481,481,0,0,0,0,0,0,0,481,0,0,481,0,0,0,0,0,0,0,0,0,0,381,0,0,0,0,0,0,381,0,0,0,0,766,0,381,1211,784,1211,0,784,784,0,0,0,784,784,784,784,0,784,784,784,784,481,481,481,481,481,481,481,481,0,481,1211,481,481,0,481,481,481,481,481,0,0,0,0,0,481,481,0,0,0,0,481,481
/venue/Room+24ABC,481,481,0,0,0,0,481,481,0,0,0,0,0,0,0,481,0,0,481,0,0,0,0,0,0,0,0,0,0,381,0,0,0,0,0,0,381,0,0,0,0,766,0,381,1211,784,1211,0,784,784,0,0,0,784,784,784,784,0,784,784,784,784,481,481,481,481,481,481,481,481,0,481,1211,481,481,0,481,481,481,481,481,0,0,0,0,0,481,481,0,0,0,0,481,481
/venue/Room+6A,481,481,0,0,0,0,481,481,0,0,0,0,0,0,0,481,0,0,481,0,0,0,0,0,0,0,0,0,0,381,0,0,0,0,0,0,381,0,0,0,0,766,0,381,1211,784,1211,0,784,784,0,0,0,784,784,784,784,0,784,784,784,784,481,481,481,481,481,481,481,481,0,481,1211,481,481,0,481,481,481,481,481,0,0,0,0,0,481,481,0,0,0,0,481,481
/venue/Room+30CDE,481,481,0,0,0,0,481,481,0,0,0,0,0,0,0,481,0,0,481,0,0,0,0,0,0,0,0,0,0,381,0,0,0,0,0,0,381,0,0,0,0,766,0,381,1211,784,1211,0,784,784,0,0,0,784,784,784,784,0,784,784,784,784,481,481,481,481,481,481,481,481,0,481,1211,481,481,0,481,481,481,481,481,0,0,0,0,0,481,481,0,0,0,0,481,481
/venue/Room+26AB,481,481,0,0,0,0,481,481,0,0,0,0,0,0,0,481,0,0,481,0,0,0,0,0,0,0,0,0,0,381,0,0,0,0,0,0,381,0,0,0,0,766,0,381,1211,784,1211,0,784,784,0,0,0,784,784,784,784,0,784,784,784,784,481,481,481,481,481,481,481,481,0,481,1211,481,481,0,481,481,481,481,481,0,0,0,0,0,481,481,0,0,0,0,481,481
/venue/Indigo+Ballroom%2C+Hilton+San+Diego+Bayfront,617,617,380,380,380,380,617,617,380,380,380,380,380,380,380,617,380,380,617,380,380,380,380,380,380,380,380,380,380,0,380,380,380,380,380,380,0,380,380,380,380,902,380,0,909,920,909,380,920,920,380,380,380,920,920,920,920,380,920,920,920,920,617,617,617,617,617,617,617,617,380,617,909,617,617,380,617,617,617,617,617,380,380,380,380,380,617,617,380,380,380,380,617,617
/venue/Room+17AB,481,481,0,0,0,0,481,481,0,0,0,0,0,0,0,481,0,0,481,0,0,0,0,0,0,0,0,0,0,381,0,0,0,0,0,0,381,0,0,0,0,766,0,381,1211,784,1211,0,784,784,0,0,0,784,784,784,784,0,784,784,784,784,481,481,481,481,481,481,481,481,0,481,1211,481,481,0,481,481,481,481,481,0,0,0,0,0,481,481,0,0,0,0,481,481
/venue/Hall+H,481,481,0,0,0,0,481,481,0,0,0,0,0,0,0,481,0,0,481,0,0,0,0,0,0,0,0,0,0,381,0,0,0,0,0,0,381,0,0,0,0,766,0,381,1211,784,1211,0,784,784,0,0,0,784,784,784,784,0,784,784,784,784,481,481,481,481,481,481,481,481,0,481,1211,481,481,0,481,481,481,481,481,0,0,0,0,0,481,481,0,0,0,0,481,481
/venue/Room+29A,481,481,0,0,0,0,481,481,0,0,0,0,0,0,0,481,0,0,481,0,0,0,0,0,0,0,0,0,0,381,0,0,0,0,0,0,381,0,0,0,0,766,0,381,1211,784,1211,0,784,784,0,0,0,784,784,784,784,0,784,784,784,784,481,481,481,481,481,481,481,481,0,481,1211,481,481,0,481,481,481,481,481,0,0,0,0,0,481,481,0,0,0,0,481,481
/venue/Room+18,481,481,0,0,0,0,481,481,0,0,0,0,0,0,0,481,0,0,481,0,0,0,0,0,0,0,0,0,0,381,0,0,0,0,0,0,381,0,0,0,0,766,0,381,1211,784,1211,0,784,784,0,0,0,784,784,784,784,0,784,784,784,784,481,481,481,481,481,481,481,481,0,481,1211,481,481,0,481,481,481,481,481,0,0,0,0,0,481,481,0,0,0,0,481,481
/venue/Lyceum,481,481,0,0,0,0,481,481,0,0,0,0,0,0,0,481,0,0,481,0,0,0,0,0,0,0,0,0,0,381,0,0,0,0,0,0,381,0,0,0,0,766,0,381,1211,784,1211,0,784,784,0,0,0,784,784,784,784,0,784,784,784,784,481,481,481,481,481,481,481,481,0,481,1211,481,481,0,481,481,481,481,481,0,0,0,0,0,481,481,0,0,0,0,481,481
/venue/Room+29B,481,481,0,0,0,0,481,481,0,0,0,0,0,0,0,481,0,0,481,0,0,0,0,0,0,0,0,0,0,381,0,0,0,0,0,0,381,0,0,0,0,766,0,381,1211,784,1211,0,784,784,0,0,0,784,784,784,784,0,784,784,784,784,481,481,481,481,481,481,481,481,0,481,1211,481,481,0,481,481,481,481,481,0,0,0,0,0,481,481,0,0,0,0,481,481
/venue/Sapphire+Ballroom+CD%2C+Hilton+San+Diego+Bayfront,617,617,380,380,380,380,617,617,380,380,380,380,380,380,380,617,380,380,617,380,380,380,380,380,380,380,380,380,380,0,380,380,380,380,380,380,0,380,380,380,380,902,380,0,909,920,909,380,920,920,380,380,380,920,920,920,920,380,920,920,920,920,617,617,617,617,617,617,617,617,380,617,909,617,617,380,617,617,617,617,617,380,380,380,380,380,617,617,380,380,380,380,617,617
/venue/Sails+Pavilion,481,481,0,0,0,0,481,481,0,0,0,0,0,0,0,481,0,0,481,0,0,0,0,0,0,0,0,0,0,381,0,0,0,0,0,0,381,0,0,0,0,766,0,381,1211,784,1211,0,784,784,0,0,0,784,784,784,784,0,784,784,784,784,481,481,481,481,481,481,481,481,0,481,1211,481,481,0,481,481,481,481,481,0,0,0,0,0,481,481,0,0,0,0,481,481
/venue/Room+15AB,481,481,0,0,0,0,481,481,0,0,0,0,0,0,0,481,0,0,481,0,0,0,0,0,0,0,0,0,0,381,0,0,0,0,0,0,381,0,0,0,0,766,0,381,1211,784,1211,0,784,784,0,0,0,784,784,784,784,0,784,784,784,784,481,481,481,481,481,481,481,481,0,481,1211,481,481,0,481,481,481,481,481,0,0,0,0,0,481,481,0,0,0,0,481,481
/venue/Room+14AB,481,481,0,0,0,0,481,481,0,0,0,0,0,0,0,481,0,0,481,0,0,0,0,0,0,0,0,0,0,381,0,0,0,0,0,0,381,0,0,0,0,766,0,381,1211,784,1211,0,784,784,0,0,0,784,784,784,784,0,784,784,784,784,481,481,481,481,481,481,481,481,0,481,1211,481,481,0,481,481,481,481,481,0,0,0,0,0,481,481,0,0,0,0,481,481
/venue/The+Playback+Room%2C+Omni+Hotel%2C+4th+Floor+Ballroom,481,481,0,0,0,0,481,481,0,0,0,0,0,0,0,481,0,0,481,0,0,0,0,0,0,0,0,0,0,381,0,0,0,0,0,0,381,0,0,0,0,766,0,381,1211,784,1211,0,784,784,0,0,0,784,784,784,784,0,784,784,784,784,481,481,481,481,481,481,481,481,0,481,1211,481,481,0,481,481,481,481,481,0,0,0,0,0,481,481,0,0,0,0,481,481
/venue/Horton+Grand+Theatre,440,440,756,756,756,756,440,440,756,756,756,756,756,756,756,440,756,756,440,756,756,756,756,756,756,756,756,756,756,893,756,756,756,756,756,756,893,756,756,756,756,0,756,893,622,652,622,756,652,652,756,756,756,652,652,652,652,756,652,652,652,652,440,440,440,440,440,440,440,440,756,440,622,440,440,756,440,440,440,440,440,756,756,756,756,756,440,440,756,756,756,756,440,440
/venue/Room+19,481,481,0,0,0,0,481,481,0,0,0,0,0,0,0,481,0,0,481,0,0,0,0,0,0,0,0,0,0,381,0,0,0,0,0,0,381,0,0,0,0,766,0,381,1211,784,1211,0,784,784,0,0,0,784,784,784,784,0,784,784,784,784,481,481,481,481,481,481,481,481,0,481,1211,481,481,0,481,481,481,481,481,0,0,0,0,0,481,481,0,0,0,0,481,481
/venue/Sapphire+Ballroom+EF%2C+Hilton+San+Diego+Bayfront,617,617,380,380,380,380,617,617,380,380,380,380,380,380,380,617,380,380,617,380,380,380,380,380,380,380,380,380,380,0,380,380,380,380,380,380,0,380,380,380,380,902,380,0,909,920,909,380,920,920,380,380,380,920,920,920,920,380,920,920,920,920,617,617,617,617,617,617,617,617,380,617,909,617,617,380,617,617,617,617,617,380,380,380,380,380,617,617,380,380,380,380,617,617
/venue/Neil+Morgan+Auditorium%2C+San+Diego+Central+Library,937,937,1166,1166,1166,1166,937,937,1166,1166,1166,1166,1166,1166,1166,937,1166,1166,937,1166,1166,1166,1166,1166,1166,1166,1166,1166,1166,868,1166,1166,1166,1166,1166,1166,868,1166,1166,1166,1166,596,1166,868,0,1150,0,1166,1150,1150,1166,1166,1166,1150,1150,1150,1150,1166,1150,1150,1150,1150,937,937,937,937,937,937,937,937,1166,937,0,937,937,1166,937,937,937,937,937,1166,1166,1166,1166,1166,937,937,1166,1166,1166,1166,937,937
/venue/Regatta+Room%2C+Manchester+Grand+Hyatt%2C+4th+Floor,298,298,776,776,776,776,298,298,776,776,776,776,776,776,776,298,776,776,298,776,776,776,776,776,776,776,776,776,776,914,776,776,776,776,776,776,914,776,776,776,776,650,776,914,1173,0,1173,776,0,0,776,776,776,0,0,0,0,776,0,0,0,0,298,298,298,298,298,298,298,298,776,298,1173,298,298,776,298,298,298,298,298,776,776,776,776,776,298,298,776,776,776,776,298,298
/venue/Shiley+Special+Events%2C+San+Diego+Central+Library,937,937,1166,1166,1166,1166,937,937,1166,1166,1166,1166,1166,1166,1166,937,1166,1166,937,1166,1166,1166,1166,1166,1166,1166,1166,1166,1166,868,1166,1166,1166,1166,1166,1166,868,1166,1166,1166,1166,596,1166,868,0,1150,0,1166,1150,1150,1166,1166,1166,1150,1150,1150,1150,1166,1150,1150,1150,1150,937,937,937,937,937,937,937,937,1166,937,0,937,937,1166,937,937,937,937,937,1166,1166,1166,1166,1166,937,937,1166,1166,1166,1166,937,937
/venue/Room+16AB,481,481,0,0,0,0,481,481,0,0,0,0,0,0,0,481,0,0,481,0,0,0,0,0,0,0,0,0,0,381,0,0,0,0,0,0,381,0,0,0,0,766,0,381,1211,784,1211,0,784,784,0,0,0,784,784,784,784,0,784,784,784,784,481,481,481,481,481,481,481,481,0,481,1211,481,481,0,481,481,481,481,481,0,0,0,0,0,481,481,0,0,0,0,481,481
/venue/Hillcrest+Room%2C+Manchester+Grand+Hyatt%2C+3rd+Floor,298,298,776,776,776,776,298,298,776,776,776,776,776,776,776,298,776,776,298,776,776,776,776,776,776,776,776,776,776,914,776,776,776,776,776,776,914,776,776,776,776,650,776,914,1173,0,1173,776,0,0,776,776,776,0,0,0,0,776,0,0,0,0,298,298,298,298,298,298,298,298,776,298,1173,298,298,776,298,298,298,298,298,776,776,776,776,776,298,298,776,776,776,776,298,298
/venue/Seaport+A%2C+Manchester+Grand+Hyatt%2C+2nd+Floor,298,298,776,776,776,776,298,298,776,776,776,776,776,776,776,298,776,776,298,776,776,776,776,776,776,776,776,776,776,914,776,776,776,776,776,776,914,776,776,776,776,650,776,914,1173,0,1173,776,0,0,776,776,776,0,0,0,0,776,0,0,0,0,298,298,298,298,298,298,298,298,776,298,1173,298,298,776,298,298,298,298,298,776,776,776,776,776,298,298,776,776,776,776,298,298
/venue/Room+17A,481,481,0,0,0,0,481,481,0,0,0,0,0,0,0,481,0,0,481,0,0,0,0,0,0,0,0,0,0,381,0,0,0,0,0,0,381,0,0,0,0,766,0,381,1211,784,1211,0,784,784,0,0,0,784,784,784,784,0,784,784,784,784,481,481,481,481,481,481,481,481,0,481,1211,481,481,0,481,481,481,481,481,0,0,0,0,0,481,481,0,0,0,0,481,481
/venue/Room+17B,481,481,0,0,0,0,481,481,0,0,0,0,0,0,0,481,0,0,481,0,0,0,0,0,0,0,0,0,0,381,0,0,0,0,0,0,381,0,0,0,0,766,0,381,1211,784,1211,0,784,784,0,0,0,784,784,784,784,0,784,784,784,784,481,481,481,481,481,481,481,481,0,481,1211,481,481,0,481,481,481,481,481,0,0,0,0,0,481,481,0,0,0,0,481,481
/venue/Room+29AB,481,481,0,0,0,0,481,481,0,0,0,0,0,0,0,481,0,0,481,0,0,0,0,0,0,0,0,0,0,381,0,0,0,0,0,0,381,0,0,0,0,766,0,381,1211,784,1211,0,784,784,0,0,0,784,784,784,784,0,784,784,784,784,481,481,481,481,481,481,481,481,0,481,1211,481,481,0,481,481,481,481,481,0,0,0,0,0,481,481,0,0,0,0,481,481
/venue/Grand+Ballroom+D%2C+Manchester+Grand+Hyatt,298,298,776,776,776,776,298,298,776,776,776,776,776,776,776,298,776,776,298,776,776,776,776,776,776,776,776,776,776,914,776,776,776,776,776,776,914,776,776,776,776,650,776,914,1173,0,1173,776,0,0,776,776,776,0,0,0,0,776,0,0,0,0,298,298,298,298,298,298,298,298,776,298,1173,298,298,776,298,298,298,298,298,776,776,776,776,776,298,298,776,776,776,776,298,298
/venue/Coronado+Ballroom+DE%2C+Manchester+Grand+Hyatt%2C+4th+Floor,298,298,776,776,776,776,298,298,776,776,776,776,776,776,776,298,776,776,298,776,776,776,776,776,776,776,776,776,776,914,776,776,776,776,776,776,914,776,776,776,776,650,776,914,1173,0,1173,776,0,0,776,776,776,0,0,0,0,776,0,0,0,0,298,298,298,298,298,298,298,298,776,298,1173,298,298,776,298,298,298,298,298,776,776,776,776,776,298,298,776,776,776,776,298,298
/venue/Coronado+Ballroom+C%2C+Manchester+Grand+Hyatt%2C+4th+Floor,298,298,776,776,776,776,298,298,776,776,776,776,776,776,776,298,776,776,298,776,776,776,776,776,776,776,776,776,776,914,776,776,776,776,776,776,914,776,776,776,776,650,776,914,1173,0,1173,776,0,0,776,776,776,0,0,0,0,776,0,0,0,0,298,298,298,298,298,298,298,298,776,298,1173,298,298,776,298,298,298,298,298,776,776,776,776,776,298,298,776,776,776,776,298,298
/venue/Solana+Room%2C+Manchester+Grand+Hyatt%2C+3rd+Floor,298,298,776,776,776,776,298,298,776,776,776,776,776,776,776,298,776,776,298,776,776,776,776,776,776,776,776,776,776,914,776,776,776,776,776,776,914,776,776,776,776,650,776,914,1173,0,1173,776,0,0,776,776,776,0,0,0,0,776,0,0,0,0,298,298,298,298,298,298,298,298,776,298,1173,298,298,776,298,298,298,298,298,776,776,776,776,776,298,298,776,776,776,776,298,298
/venue/Mezzanine+Terrace+%28outside%29,481,481,0,0,0,0,481,481,0,0,0,0,0,0,0,481,0,0,481,0,0,0,0,0,0,0,0,0,0,381,0,0,0,0,0,0,381,0,0,0,0,766,0,381,1211,784,1211,0,784,784,0,0,0,784,784,784,784,0,784,784,784,784,481,481,481,481,481,481,481,481,0,481,1211,481,481,0,481,481,481,481,481,0,0,0,0,0,481,481,0,0,0,0,481,481
/venue/Seaport+B%2C+Manchester+Grand+Hyatt%2C+2nd+Floor,298,298,776,776,776,776,298,298,776,776,776,776,776,776,776,298,776,776,298,776,776,776,776,776,776,776,776,776,776,914,776,776,776,776,776,776,914,776,776,776,776,650,776,914,1173,0,1173,776,0,0,776,776,776,0,0,0,0,776,0,0,0,0,298,298,298,298,298,298,298,298,776,298,1173,298,298,776,298,298,298,298,298,776,776,776,776,776,298,298,776,776,776,776,298,298
/venue/Mission+Beach+Room%2C+Manchester+Grand+Hyatt%2C+3rd+Floor,298,298,776,776,776,776,298,298,776,776,776,776,776,776,776,298,776,776,298,776,776,776,776,776,776,776,776,776,776,914,776,776,776,776,776,776,914,776,776,776,776,650,776,914,1173,0,1173,776,0,0,776,776,776,0,0,0,0,776,0,0,0,0,298,298,298,298,298,298,298,298,776,298,1173,298,298,776,298,298,298,298,298,776,776,776,776,776,298,298,776,776,776,776,298,298
/venue/Pier+Room%2C+Manchester+Grand+Hyatt%2C+3rd+Floor,298,298,776,776,776,776,298,298,776,776,776,776,776,776,776,298,776,776,298,776,776,776,776,776,776,776,776,776,776,914,776,776,776,776,776,776,914,776,776,776,776,650,776,914,1173,0,1173,776,0,0,776,776,776,0,0,0,0,776,0,0,0,0,298,298,298,298,298,298,298,298,776,298,1173,298,298,776,298,298,298,298,298,776,776,776,776,776,298,298,776,776,776,776,298,298
/venue/Ocean+Beach%2C+Manchester+Grand+Hyatt%2C+3rd+Floor,298,298,776,776,776,776,298,298,776,776,776,776,776,776,776,298,776,776,298,776,776,776,776,776,776,776,776,776,776,914,776,776,776,776,776,776,914,776,776,776,776,650,776,914,1173,0,1173,776,0,0,776,776,776,0,0,0,0,776,0,0,0,0,298,298,298,298,298,298,298,298,776,298,1173,298,298,776,298,298,298,298,298,776,776,776,776,776,298,298,776,776,776,776,298,298
/venue/Santa+Rosa+Room%2C+Marriott+Marquis+%26+Marina,0,0,478,478,478,478,0,0,478,478,478,478,478,478,478,0,478,478,0,478,478,478,478,478,478,478,478,478,478,615,478,478,478,478,478,478,615,478,478,478,478,445,478,615,968,303,968,478,303,303,478,478,478,303,303,303,303,478,303,303,303,303,0,0,0,0,0,0,0,0,478,0,968,0,0,478,0,0,0,0,0,478,478,478,478,478,0,0,478,478,478,478,0,0
/venue/Marriott+Grand+Ballroom+4,0,0,478,478,478,478,0,0,478,478,478,478,478,478,478,0,478,478,0,478,478,478,478,478,478,478,478,478,478,615,478,478,478,478,478,478,615,478,478,478,478,445,478,615,968,303,968,478,303,303,478,478,478,303,303,303,303,478,303,303,303,303,0,0,0,0,0,0,0,0,478,0,968,0,0,478,0,0,0,0,0,478,478,478,478,478,0,0,478,478,478,478,0,0
/venue/Marriott+Grand+Ballroom+2,0,0,478,478,478,478,0,0,478,478,478,478,478,478,478,0,478,478,0,478,478,478,478,478,478,478,478,478,478,615,478,478,478,478,478,478,615,478,478,478,478,445,478,615,968,303,968,478,303,303,478,478,478,303,303,303,303,478,303,303,303,303,0,0,0,0,0,0,0,0,478,0,968,0,0,478,0,0,0,0,0,478,478,478,478,478,0,0,478,478,478,478,0,0
/venue/Marriott+Grand+Ballroom+1,0,0,478,478,478,478,0,0,478,478,478,478,478,478,478,0,478,478,0,478,478,478,478,478,478,478,478,478,478,615,478,478,478,478,478,478,615,478,478,478,478,445,478,615,968,303,968,478,303,303,478,478,478,303,303,303,303,478,303,303,303,303,0,0,0,0,0,0,0,0,478,0,968,0,0,478,0,0,0,0,0,478,478,478,478,478,0,0,478,478,478,478,0,0
/venue/Marriott+Grand+Ballroom+3,0,0,478,478,478,478,0,0,478,478,478,478,478,478,478,0,478,478,0,478,478,478,478,478,478,478,478,478,478,615,478,478,478,478,478,478,615,478,478,478,478,445,478,615,968,303,968,478,303,303,478,478,478,303,303,303,303,478,303,303,303,303,0,0,0,0,0,0,0,0,478,0,968,0,0,478,0,0,0,0,0,478,478,478,478,478,0,0,478,478,478,478,0,0
/venue/Pacific+24%2C+North+Tower%2C+Marriott+Marquis+%26+Marina,0,0,478,478,478,478,0,0,478,478,478,478,478,478,478,0,478,478,0,478,478,478,478,478,478,478,478,478,478,615,478,478,478,478,478,478,615,478,478,478,478,445,478,615,968,303,968,478,303,303,478,478,478,303,303,303,303,478,303,303,303,303,0,0,0,0,0,0,0,0,478,0,968,0,0,478,0,0,0,0,0,478,478,478,478,478,0,0,478,478,478,478,0,0
/venue/Pacific+23%2C+North+Tower%2C+Marriott+Marquis+San+Diego+Marina,0,0,478,478,478,478,0,0,478,478,478,478,478,478,478,0,478,478,0,478,478,478,478,478,478,478,478,478,478,615,478,478,478,478,478,478,615,478,478,478,478,445,478,615,968,303,968,478,303,303,478,478,478,303,303,303,303,478,303,303,303,303,0,0,0,0,0,0,0,0,478,0,968,0,0,478,0,0,0,0,0,478,478,478,478,478,0,0,478,478,478,478,0,0
/venue/Marriott+Marina+Ballroom+D,0,0,478,478,478,478,0,0,478,478,478,478,478,478,478,0,478,478,0,478,478,478,478,478,478,478,478,478,478,615,478,478,478,478,478,478,615,478,478,478,478,445,478,615,968,303,968,478,303,303,478,478,478,303,303,303,303,478,303,303,303,303,0,0,0,0,0,0,0,0,478,0,968,0,0,478,0,0,0,0,0,478,478,478,478,478,0,0,478,478,478,478,0,0
/venue/Mezzanine+Terrace,481,481,0,0,0,0,481,481,0,0,0,0,0,0,0,481,0,0,481,0,0,0,0,0,0,0,0,0,0,381,0,0,0,0,0,0,381,0,0,0,0,766,0,381,1211,784,1211,0,784,784,0,0,0,784,784,784,784,0,784,784,784,784,481,481,481,481,481,481,481,481,0,481,1211,481,481,0,481,481,481,481,481,0,0,0,0,0,481,481,0,0,0,0,481,481
/venue/Marriott+Grand+Ballroom+5-6%2C+Marriott+Marquis+%26+Marina,0,0,478,478,478,478,0,0,478,478,478,478,478,478,478,0,478,478,0,478,478,478,478,478,478,478,478,478,478,615,478,478,478,478,478,478,615,478,478,478,478,445,478,615,968,303,968,478,303,303,478,478,478,303,303,303,303,478,303,303,303,303,0,0,0,0,0,0,0,0,478,0,968,0,0,478,0,0,0,0,0,478,478,478,478,478,0,0,478,478,478,478,0,0
/venue/Shiley+Special+Events+Suite%2C+San+Diego+Central+Library,937,937,1166,1166,1166,1166,937,937,1166,1166,1166,1166,1166,1166,1166,937,1166,1166,937,1166,1166,1166,1166,1166,1166,1166,1166,1166,1166,868,1166,1166,1166,1166,1166,1166,868,1166,1166,1166,1166,596,1166,868,0,1150,0,1166,1150,1150,1166,1166,1166,1150,1150,1150,1150,1166,1150,1150,1150,1150,937,937,937,937,937,937,937,937,1166,937,0,937,937,1166,937,937,937,937,937,1166,1166,1166,1166,1166,937,937,1166,1166,1166,1166,937,937
/venue/Marriott+Grand+Ballroom+13,0,0,478,478,478,478,0,0,478,478,478,478,478,478,478,0,478,478,0,478,478,478,478,478,478,478,478,478,478,615,478,478,478,478,478,478,615,478,478,478,478,445,478,615,968,303,968,478,303,303,478,478,478,303,303,303,303,478,303,303,303,303,0,0,0,0,0,0,0,0,478,0,968,0,0,478,0,0,0,0,0,478,478,478,478,478,0,0,478,478,478,478,0,0
/venue/Marriott+Grand+Ballroom+8,0,0,478,478,478,478,0,0,478,478,478,478,478,478,478,0,478,478,0,478,478,478,478,478,478,478,478,478,478,615,478,478,478,478,478,478,615,478,478,478,478,445,478,615,968,303,968,478,303,303,478,478,478,303,303,303,303,478,303,303,303,303,0,0,0,0,0,0,0,0,478,0,968,0,0,478,0,0,0,0,0,478,478,478,478,478,0,0,478,478,478,478,0,0
/venue/Mezzanine+16A,481,481,0,0,0,0,481,481,0,0,0,0,0,0,0,481,0,0,481,0,0,0,0,0,0,0,0,0,0,381,0,0,0,0,0,0,381,0,0,0,0,766,0,381,1211,784,1211,0,784,784,0,0,0,784,784,784,784,0,784,784,784,784,481,481,481,481,481,481,481,481,0,481,1211,481,481,0,481,481,481,481,481,0,0,0,0,0,481,481,0,0,0,0,481,481
/venue/Marriott+Grand+Ballroom+11,0,0,478,478,478,478,0,0,478,478,478,478,478,478,478,0,478,478,0,478,478,478,478,478,478,478,478,478,478,615,478,478,478,478,478,478,615,478,478,478,478,445,478,615,968,303,968,478,303,303,478,478,478,303,303,303,303,478,303,303,303,303,0,0,0,0,0,0,0,0,478,0,968,0,0,478,0,0,0,0,0,478,478,478,478,478,0,0,478,478,478,478,0,0
/venue/Marriott+Grand+Ballroom+10,0,0,478,478,478,478,0,0,478,478,478,478,478,478,478,0,478,478,0,478,478,478,478,478,478,478,478,478,478,615,478,478,478,478,478,478,615,478,478,478,478,445,478,615,968,303,968,478,303,303,478,478,478,303,303,303,303,478,303,303,303,303,0,0,0,0,0,0,0,0,478,0,968,0,0,478,0,0,0,0,0,478,478,478,478,478,0,0,478,478,478,478,0,0
/venue/Marriott+Grand+Ballroom+12,0,0,478,478,478,478,0,0,478,478,478,478,478,478,478,0,478,478,0,478,478,478,478,478,478,478,478,478,478,615,478,478,478,478,478,478,615,478,478,478,478,445,478,615,968,303,968,478,303,303,478,478,478,303,303,303,303,478,303,303,303,303,0,0,0,0,0,0,0,0,478,0,968,0,0,478,0,0,0,0,0,478,478,478,478,478,0,0,478,478,478,478,0,0
/venue/Grand+1+%26+2%2C+Marriott+Marquis+San+Diego+Marina,0,0,478,478,478,478,0,0,478,478,478,478,478,478,478,0,478,478,0,478,478,478,478,478,478,478,478,478,478,615,478,478,478,478,478,478,615,478,478,478,478,445,478,615,968,303,968,478,303,303,478,478,478,303,303,303,303,478,303,303,303,303,0,0,0,0,0,0,0,0,478,0,968,0,0,478,0,0,0,0,0,478,478,478,478,478,0,0,478,478,478,478,0,0
/venue/Marriott+Grand+Ballroom+3+%26+4,0,0,478,478,478,478,0,0,478,478,478,478,478,478,478,0,478,478,0,478,478,478,478,478,478,478,478,478,478,615,478,478,478,478,478,478,615,478,478,478,478,445,478,615,968,303,968,478,303,303,478,478,478,303,303,303,303,478,303,303,303,303,0,0,0,0,0,0,0,0,478,0,968,0,0,478,0,0,0,0,0,478,478,478,478,478,0,0,478,478,478,478,0,0
/venue/,481,481,0,0,0,0,481,481,0,0,0,0,0,0,0,481,0,0,481,0,0,0,0,0,0,0,0,0,0,381,0,0,0,0,0,0,381,0,0,0,0,766,0,381,1211,784,1211,0,784,784,0,0,0,784,784,784,784,0,784,784,784,784,481,481,481,481,481,481,481,481,0,481,1211,481,481,0,481,481,481,481,481,0,0,0,0,0,481,481,0,0,0,0,481,481
/venue/Room+11,481,481,0,0,0,0,481,481,0,0,0,0,0,0,0,481,0,0,481,0,0,0,0,0,0,0,0,0,0,381,0,0,0,0,0,0,381,0,0,0,0,766,0,381,1211,784,1211,0,784,784,0,0,0,784,784,784,784,0,784,784,784,784,481,481,481,481,481,481,481,481,0,481,1211,481,481,0,481,481,481,481,481,0,0,0,0,0,481,481,0,0,0,0,481,481
/venue/Pacific+Ballroom+21,481,481,0,0,0,0,481,481,0,0,0,0,0,0,0,481,0,0,481,0,0,0,0,0,0,0,0,0,0,381,0,0,0,0,0,0,381,0,0,0,0,766,0,381,1211,784,1211,0,784,784,0,0,0,784,784,784,784,0,784,784,784,784,481,481,481,481,481,481,481,481,0,481,1211,481,481,0,481,481,481,481,481,0,0,0,0,0,481,481,0,0,0,0,481,481
/venue/Mezzanine+16B,481,481,0,0,0,0,481,481,0,0,0,0,0,0,0,481,0,0,481,0,0,0,0,0,0,0,0,0,0,381,0,0,0,0,0,0,381,0,0,0,0,766,0,381,1211,784,1211,0,784,784,0,0,0,784,784,784,784,0,784,784,784,784,481,481,481,481,481,481,481,481,0,481,1211,481,481,0,481,481,481,481,481,0,0,0,0,0,481,481,0,0,0,0,481,481
/venue/Mezzanine+14AB,481,481,0,0,0,0,481,481,0,0,0,0,0,0,0,481,0,0,481,0,0,0,0,0,0,0,0,0,0,381,0,0,0,0,0,0,381,0,0,0,0,766,0,381,1211,784,1211,0,784,784,0,0,0,784,784,784,784,0,784,784,784,784,481,481,481,481,481,481,481,481,0,481,1211,481,481,0,481,481,481,481,481,0,0,0,0,0,481,481,0,0,0,0,481,481
/venue/Santa+Rosa+Room%2C+Marriott+Marquis+San+Diego+Marina,0,0,478,478,478,478,0,0,478,478,478,478,478,478,478,0,478,478,0,478,478,478,478,478,478,478,478,478,478,615,478,478,478,478,478,478,615,478,478,478,478,445,478,615,968,303,968,478,303,303,478,478,478,303,303,303,303,478,303,303,303,303,0,0,0,0,0,0,0,0,478,0,968,0,0,478,0,0,0,0,0,478,478,478,478,478,0,0,478,478,478,478,0,0
/venue/Marriott+Marina+Ballroom+DE%2C+Marriott+Marquis+San+Diego+Marina,0,0,478,478,478,478,0,0,478,478,478,478,478,478,478,0,478,478,0,478,478,478,478,478,478,478,478,478,478,615,478,478,478,478,478,478,615,478,478,478,478,445,478,615,968,303,968,478,303,303,478,478,478,303,303,303,303,478,303,303,303,303,0,0,0,0,0,0,0,0,478,0,968,0,0,478,0,0,0,0,0,478,478,478,478,478,0,0,478,478,478,478,0,0
/venue/Mezzanine+17B,481,481,0,0,0,0,481,481,0,0,0,0,0,0,0,481,0,0,481,0,0,0,0,0,0,0,0,0,0,381,0,0,0,0,0,0,381,0,0,0,0,766,0,381,1211,784,1211,0,784,784,0,0,0,784,784,784,784,0,784,784,784,784,481,481,481,481,481,481,481,481,0,481,1211,481,481,0,481,481,481,481,481,0,0,0,0,0,481,481,0,0,0,0,481,481
/venue/Mezzanine+15AB,481,481,0,0,0,0,481,481,0,0,0,0,0,0,0,481,0,0,481,0,0,0,0,0,0,0,0,0,0,381,0,0,0,0,0,0,381,0,0,0,0,766,0,381,1211,784,1211,0,784,784,0,0,0,784,784,784,784,0,784,784,784,784,481,481,481,481,481,481,481,481,0,481,1211,481,481,0,481,481,481,481,481,0,0,0,0,0,481,481,0,0,0,0,481,481
/venue/Convention+Center+Room+4,481,481,0,0,0,0,481,481,0,0,0,0,0,0,0,481,0,0,481,0,0,0,0,0,0,0,0,0,0,381,0,0,0,0,0,0,381,0,0,0,0,766,0,381,1211,784,1211,0,784,784,0,0,0,784,784,784,784,0,784,784,784,784,481,481,481,481,481,481,481,481,0,481,1211,481,481,0,481,481,481,481,481,0,0,0,0,0,481,481,0,0,0,0,481,481
/venue/Room+31AB,481,481,0,0,0,0,481,481,0,0,0,0,0,0,0,481,0,0,481,0,0,0,0,0,0,0,0,0,0,381,0,0,0,0,0,0,381,0,0,0,0,766,0,381,1211,784,1211,0,784,784,0,0,0,784,784,784,784,0,784,784,784,784,481,481,481,481,481,481,481,481,0,481,1211,481,481,0,481,481,481,481,481,0,0,0,0,0,481,481,0,0,0,0,481,481
/venue/Grand+3+%26+4%2C+Marriott+Marquis+San+Diego+Marina,0,0,478,478,478,478,0,0,478,478,478,478,478,478,478,0,478,478,0,478,478,478,478,478,478,478,478,478,478,615,478,478,478,478,478,478,615,478,478,478,478,445,478,615,968,303,968,478,303,303,478,478,478,303,303,303,303,478,303,303,303,303,0,0,0,0,0,0,0,0,478,0,968,0,0,478,0,0,0,0,0,478,478,478,478,478,0,0,478,478,478,478,0,0
/venue/Grand+9%2C+Marriott+Marquis+San+Diego+Marina,0,0,478,478,478,478,0,0,478,478,478,478,478,478,478,0,478,478,0,478,478,478,478,478,478,478,478,478,478,615,478,478,478,478,478,478,615,478,478,478,478,445,478,615,968,303,968,478,303,303,478,478,478,303,303,303,303,478,303,303,303,303,0,0,0,0,0,0,0,0,478,0,968,0,0,478,0,0,0,0,0,478,478,478,478,478,0,0,478,478,478,478,0,0
